:020000040800F2
:10000000905B00202902000899430008F53F000892
:1000100079430008210500081D5200080000000077
:10002000000000000000000000000000F145000892
:1000300089080008000000007145000825460008F6
:10004000430200084302000843020008430200087C
:10005000430200084302000843020008430200086C
:10006000430200084302000843020008430200085C
:10007000430200084302000843020008430200084C
:10008000430200084302000843020008430200083C
:100090002505000835050008430200084302000852
:1000A0004302000819470008430200084302000801
:1000B00043020008294700084302000843020008E1
:1000C00043020008430200084302000843020008FC
:1000D000430200080D5200084302000843020008D2
:1000E0008D0800084302000843020008430200088C
:1000F00043020008430200084302000843020008CC
:1001000043020008430200084302000843020008BB
:1001100043020008430200084302000843020008AB
:100120004302000843020008ED06000843020008ED
:100130004302000800000000000000004302000825
:10014000430200084302000843020008430200087B
:100150004302000843020008FD06000843020008AD
:10016000430200084302000843020008430200085B
:1001700043020008430200080000000000000000E5
:10018000430200084302000800F002F800F03CF8C7
:100190000AA090E8000C82448344AAF10107DA45E2
:1001A00001D100F031F8AFF2090EBAE80F0013F0F8
:1001B000010F18BFFB1A43F00103184750910000CC
:1001C00070910000103A24BF78C878C1FAD852075D
:1001D00024BF30C830C144BF04680C6070470000C1
:1001E0000023002400250026103A28BF78C1FBD840
:1001F000520728BF30C148BF0B6070471FB509F0D8
:100200000AF81FBD10B510BD00F04FF91146FFF7F9
:10021000F5FF05F06BFD00F06DF903B4FFF7F2FF99
:1002200003BC00F075F90000094880470948004701
:10023000FEE7FEE7FEE7FEE7FEE7FEE7FEE7FEE796
:10024000FEE7FEE704480549054A064B70470000F3
:100250000547000889010008904F0020905B0020AE
:10026000905700209057002053EA020C00F069805C
:100270002DE9F04B4FF00006002B1FBFB3FA83F5BA
:1002800003FA05F424FA05F65E4012BF1643B2FAEB
:1002900082F502FA05F4C5F120051EBF22FA05FC1D
:1002A00044EA0C04203556EA044C4FEA144418BFC3
:1002B000641C4FF000084FF00009904271EB030CF2
:1002C00039D3002919BFB1FA81F701FA07F6B0FA5C
:1002D00080F700FA07F6C7F120071EBF20FA07FCD7
:1002E00046EA0C062037B6FBF4FCA7EB0507103FE7
:1002F00007F01F0BCBF120062CFA06F60CFA0BFBCD
:1003000044BFB3460026202FA4BF5E464FF0000B2B
:100310005BEA060C08BF4FF0010B19EB0B0948EB29
:100320000608ABFB027C06FB02CC0BFB03CCC01B1C
:1003300071EB0C01C1E70B46024641464846BDE859
:10034000F08B13B5084318BF4FF0FF300146AFF3F1
:100350000080BDE81C407047032A40F2308010F056
:10036000030C00F0158011F8013BBCF1020F624450
:1003700098BF11F801CB00F8013B38BF11F8013BE1
:10038000A2F1040298BF00F801CB38BF00F8013B8E
:1003900011F0030300F05780083AC0F0088051F8CC
:1003A000043B083A51F804CBA0E80810F5E7121D09
:1003B0005CBF51F8043B40F8043BAFF30080D20728
:1003C00024BF11F8013B11F801CB48BF11F8012BF4
:1003D00024BF00F8013B00F801CB48BF00F8012B17
:1003E000704702F0FF0343EA032242EA024200F0B0
:1003F00002B84FF0000200B51346944696462039E5
:1004000022BFA0E80C50A0E80C50B1F12001BFF4CD
:10041000F7AF090728BFA0E80C5048BF0CC05DF833
:1004200004EB890028BF40F8042B08BF704748BF81
:1004300020F8022B11F0804F18BF00F8012B7047F5
:1004400070477047704710B5203AC0F00B80B1E894
:100450001850A0E81850B1E81850A0E81850203AF9
:10046000BFF4F5AF5FEA027C24BFB1E81850A0E802
:10047000185044BF18C918C0BDE810405FEA827C1C
:1004800024BF51F8043B40F8043B08BF7047D20733
:1004900028BF31F8023B48BF11F8012B28BF20F8D4
:1004A000023B48BF00F8012B7047754600F02CF85E
:1004B000AE4605006946534620F00700854618B051
:1004C00020B5FFF7BFFEBDE820404FF000064FF01B
:1004D00000074FF000084FF0000BAC46ACE8C00935
:1004E000ACE8C009ACE8C009ACE8C00921F00701DC
:1004F0008D46704710B50446AFF300802046BDE836
:100500001040FFF78ABE00000048704768000020D6
:1005100001491820ABBEFEE726000200704700002C
:10052000FFE7FEE780B540F26430C2F2000000F061
:100530004FFD80BD80B540F26430C2F2000000F093
:1005400047FD80BD80B584B0039007F037FF02906F
:1005500001200190FFE704F063FE04F061FE02A8B1
:10056000012106F0CBFFF6E781B08DED000A9DED8D
:10057000000A9FED031A80EE010A01B0704700BF28
:100580000000B44380B588B0079007F017FF0690CD
:1005900040F20000C2F2000001219FED3D0ADFEDB4
:1005A0003D0A9FED3D1A05F0CFFB02200590FFE7C5
:1005B00040F20000C2F20000817C90F854008842B2
:1005C00022D0FFE740F20000C2F200000390143096
:1005D000B0EE000ADFED310A9FED2F1A8DED021A01
:1005E00005F09EFB9DED021A039834309FED2C0A16
:1005F000F0EE410A05F094FB0399002008620864BC
:10060000887C81F85400FFE740F20000C2F200004D
:10061000019000F10C0140F22450C2F2000000F001
:1006200077F90198807C022814D1FFE740F200009E
:10063000C2F20000009090ED000A40F22451C2F294
:100640000001D1ED000A343003F0DEFE009880EDA9
:10065000010AFFE740F20000C2F2000090ED010A3B
:1006600040F22451C2F20001D1ED010A143003F02E
:10067000CBFEBDEEC00A10EE100AADF81200BDF8B8
:10068000120000F00FF806A8022106F037FF8FE7EE
:10069000000070440000FA43000000000AD7233C29
:1006A00096438B3C80B58AB0ADF8260000200190BF
:1006B00000909DF827108DF80210BDF826108DF8D7
:1006C00003104FF4007103910590069008210791E3
:1006D0008DF8200040F26430C2F2000003A96A469F
:1006E00002AB00F0EBF90AB080BD000080B540F22B
:1006F0008C30C2F2000001F025F980BD80B540F2D7
:10070000EC30C2F2000001F01DF980BD82B0019012
:100710000198007810384AF6AB21CAF6AA21A0FB4E
:10072000011000090090009949F29C20C0F60000D9
:10073000405C0199C8650098042807D3FFE7019938
:100740000868042262F30900886506E001990868D8
:1007500040F2FF3290438865FFE70198806D02B058
:100760007047000086B0059000208DF813000598B2
:10077000806A03900598806910BBFFE70398029098
:1007800003281BD80299DFE801F0020D0218059832
:1007900090F82F00C00720B1FFE701208DF813006B
:1007A000FFE70CE00598C06AB0F1C07F04D1FFE715
:1007B00001208DF81300FFE701E000E0FFE745E0CE
:1007C00005988069B0F5005F25D1FFE70398019097
:1007D00003281ED80199DFE801F00206021101206A
:1007E0008DF8130016E0059890F82F00C00720B18F
:1007F000FFE701208DF81300FFE70BE00598C06AC2
:10080000B0F1C07F04D1FFE701208DF81300FFE7AE
:1008100000E0FFE719E003980090032804D3FFE706
:100820000098032804D00EE001208DF813000BE09F
:10083000059890F82F00C00720B1FFE701208DF840
:100840001300FFE700E0FFE7FFE7FFE79DF8130075
:1008500006B0704780B582B00190019805F01EFA8D
:1008600078B9FFE7019991F80001013000F0070025
:1008700081F80001019991F80201013881F8020123
:10088000FFE702B080BD00007047000080B54FF464
:10089000006001F0A5FA80BD80B584B0039002919C
:1008A0008DF807200093039805F00CFA40BBFFE792
:1008B0000298039991F80121520188509DF8070090
:1008C000039991F8012101EB42110861039890F816
:1008D000011100EB4110183000999DF80720FFF737
:1008E0003BFD039991F80101013000F0070081F808
:1008F0000101039991F80201013081F80201FFE73B
:1009000004B080BD72B6FFE7FEE700000000000003
:1009100080B584B00390029140F2D000C2F2000092
:100920000088000400BA08F04DFA41EC100B9FED6E
:10093000481B53EC112B51EC100B08F0D3FA41EC8F
:10094000100B51EC100B9FED440B53EC102B08F0E7
:10095000A3F841EC100B51EC100B08F05FF801907C
:10096000039890ED000A40F2D800C2F20000B0F9FE
:1009700000004FF4B471484301EE100AB8EEC11AFA
:1009800030EE410A9DED011A30EE410A9FED341A16
:10099000B4EE410AF1EE10FA08DDFFE740F2D801AB
:1009A000C2F20001088801300880FFE7039890ED4B
:1009B000000A40F2D800C2F20000B0F900004FF483
:1009C000B471484301EE100AB8EEC11A30EE410A84
:1009D0009DED011A30EE410A9FED221AB4EE410A54
:1009E000F1EE10FA08DAFFE740F2D801C2F2000196
:1009F000088801380880FFE740F2D800C2F2000002
:100A0000B0F900004FF4B471484300EE100AB8EE9C
:100A1000C00A9DED011A30EE010A039880ED000A2C
:100A200040F2D000C2F200008278C17841EA02218F
:100A300009B200EE101AB8EEC00A039981ED010A5E
:100A40000179407940EA01200399088104B080BD12
:100A500000000000008076400000000000FFBF4062
:100A600000003443000034C384B002900191029826
:100A700090F820008DF803009DF80300012805D0B0
:100A8000FFE79DF8030002280AD1FFE7019A0298C8
:100A9000016848691043486100208DF80F0008E0A4
:100AA0000299486A40F48020486201208DF80F00C6
:100AB000FFE79DF80F0004B07047000088B0069073
:100AC000059104920393069890F820008DF8070092
:100AD00006980068806800900598806808B9FFE76C
:100AE00000E0FFE79DF80700012806D0FFE79DF82A
:100AF0000700022840F08080FFE79DF803004007D0
:100B000000280CD4FFE79DF803000007002806D456
:100B1000FFE79DF80300C006002864D5FFE70098B2
:100B2000C0F3016002900299012088400399086097
:100B30000598806868B9FFE705980168C06840EAD1
:100B4000415006990968029A01EB0211C1F880012F
:100B50000EE005994A688868C96840EAC2000843FF
:100B600006990968029A01EB0211C1F88001FFE7BA
:100B70000598006906990968029A01EB0211C1F80B
:100B800084010598007D01280CD1FFE706980068D4
:100B9000029900EB0111D1F8840140F48070C1F892
:100BA0008401FFE70498406806990968029A01EBFE
:100BB0000211C1F88C010498006806990968029A2C
:100BC00001EB0211C1F8880106980068029900EB58
:100BD0000111D1F8800140F00100C1F8800100202E
:100BE0008DF81F0011E00699486A40F40010486231
:100BF00001208DF81F0008E00699486A40F4802023
:100C0000486201208DF81F00FFE79DF81F0008B023
:100C10007047000086B004900391049890F820007B
:100C20008DF803009DF80300012806D0FFE79DF82A
:100C30000300022840F0B080FFE746F20040C4F213
:100C4000000001900199D1F8000240F00100C1F8C4
:100C500000020199D1F8000220F47C50C1F8000292
:100C60000398426A0199D1F8000240EA0220C1F8D3
:100C700000020398406900F01F01012088400290A3
:100C8000029A0199D1F81C029043C1F81C02039802
:100C9000C069F0B9FFE7029A0199D1F80C029043BC
:100CA000C1F80C02039A9088D168526940EA014069
:100CB000019901EBC201C1F84002039A10889168C2
:100CC000526940EA0140019901EBC201C1F84402B6
:100CD000FFE70398C06901281ED1FFE7029A019936
:100CE000D1F80C021043C1F80C02039A90881168E5
:100CF000526940EA0140019901EBC201C1F840028A
:100D0000039A90899168526940EA0140019901EB88
:100D1000C201C1F84402FFE70398806940B9FFE7C8
:100D2000029A0199D1F804029043C1F8040207E045
:100D3000029A0199D1F804021043C1F80402FFE7B6
:100D40000398006940B9FFE7029A0199D1F81402AB
:100D50009043C1F8140207E0029A0199D1F81402F5
:100D60001043C1F81402FFE70398006A012808D174
:100D7000FFE7029A0199D1F81C021043C1F81C0246
:100D8000FFE70199D1F8000220F00100C1F800024C
:100D900000208DF8170008E00499486A40F480208C
:100DA000486201208DF81700FFE79DF8170006B094
:100DB0007047000081B0009001B0704786B0049089
:100DC000039102920193049890F820008DF803009B
:100DD0009DF80300012806D0FFE79DF803000228D4
:100DE00040F0E880FFE7039880B9FFE704980068C7
:100DF000C068800748B9FFE70499486A40F40010CA
:100E0000486201208DF81700DDE00FE004980068CB
:100E10000069800748B9FFE70499486A40F4001068
:100E2000486201208DF81700CDE0FFE704980068C4
:100E3000039900EB0110D0F8B00100F00400029912
:100E400088600298806858B9FFE7049800680399A1
:100E500000EB0110D0F8B001400D029908600AE0E3
:100E600004980068039900EB0110D0F8B001C008A5
:100E700002994860FFE704980068039900EB0110AD
:100E8000D0F8B00100F002000299C8600498006830
:100E9000039900EB0110D0F8B40100F00F0008280E
:100EA00004D3FFE70299082008610BE0049800686A
:100EB000039900EB0110D0F8B40100F00F00029983
:100EC0000861FFE704980068039900EB0110D0F86F
:100ED000B40180B2000A02998861049800680399FD
:100EE00000EB0110D0F8B401000C0299486104989D
:100EF0000068039900EB0110D0F8B801019908705F
:100F000004980068039900EB0110D0F8B801000ABA
:100F10000199487004980068039900EB0110D0F81B
:100F2000B801000C0199887004980068039900EBDF
:100F30000110D0F8B801000E0199C870049800683B
:100F4000039900EB0110D0F8BC01019908710498D5
:100F50000068039900EB0110D0F8BC01000A019968
:100F6000487104980068039900EB0110D0F8BC01A7
:100F7000000C0199887104980068039900EB011036
:100F8000D0F8BC01000E0199C871039838B9FFE789
:100F900004980168C86840F02000C86006E0049822
:100FA0000168086940F020000861FFE700208DF823
:100FB000170008E00499486A40F480204862012044
:100FC0008DF81700FFE79DF8170006B07047000086
:100FD00080B58AB00990002008900998006840699F
:100FE0000790099800684068069009980068806832
:100FF000059009980068C068049009980068006925
:10100000039009980068806902909DF81C00C00751
:10101000002800F09480FFE79DF81400C00758B343
:10102000FFE709980168012088609DF81400800797
:10103000002804D5FFE7099800F0D4FB1BE09DF8D9
:1010400014004007002805D5FFE7089840F4006029
:1010500008900FE09DF814000007002805D5FFE771
:10106000089840F48050089003E0099800F0B6FB1F
:10107000FFE7FFE7FFE7FFE79DF81500C00760B354
:10108000FFE7099801684FF4807088609DF81500AB
:101090008007002804D5FFE7099800F0ABFB1BE0B0
:1010A0009DF815004007002805D5FFE7089840F493
:1010B000005008900FE09DF815000007002805D5A6
:1010C000FFE7089840F48040089003E0099800F09A
:1010D0008DFBFFE7FFE7FFE7FFE79DF81600C0077E
:1010E00060B3FFE7099801684FF4803088609DF88D
:1010F00016008007002804D5FFE7099800F082FB5E
:101100001BE09DF816004007002805D5FFE708986A
:1011100040F4004008900FE09DF8160000070028FA
:1011200005D5FFE7089840F48030089003E009985F
:1011300000F064FBFFE7FFE7FFE7FFE7FFE79DF84D
:101140001C000007002810D5FFE79DF81000C0061E
:10115000002809D5FFE7089840F400700890099826
:1011600001681020C860FFE7FFE79DF81C004007FA
:1011700000280FD5FFE79DF810000007002808D5CC
:10118000FFE7099801680820C860099800F066FA2E
:10119000FFE7FFE79DF81C00800700280BD5FFE75D
:1011A00009980068C068800720B1FFE7099800F03F
:1011B00059FAFFE7FFE79DF81C004006002810D50C
:1011C000FFE79DF80C00C006002809D5FFE7089846
:1011D00040F4806008900998016810200861FFE7DA
:1011E000FFE79DF81C00800600280FD5FFE79DF85B
:1011F0000C000007002808D5FFE7099801680820BF
:101200000861099800F098FAFFE7FFE79DF81C00D5
:10121000C00600280BD5FFE7099800680069800721
:1012200020B1FFE7099800F08BFAFFE7FFE79DF890
:101230001E00800700280FD5FFE79DF81800C006A4
:10124000002808D5FFE70998016810204860099830
:1012500000F07AFAFFE7FFE79DF81E00C00778B1BB
:10126000FFE79DF818000007002808D5FFE7099858
:10127000016808204860099800F0C8FAFFE7FFE716
:101280009DF81D000006002840F18D80FFE79DF8C5
:1012900018004007002840F18180FFE79DF81D00FD
:1012A000C00750B1FFE79DF80800C00728B1FFE76D
:1012B000089840F001000890FFE79DF81D008007A6
:1012C00000280BD5FFE79DF808008007002805D50A
:1012D000FFE7089840F002000890FFE79DF81D0026
:1012E000400700280BD5FFE79DF8080040070028BD
:1012F00005D5FFE7089840F004000890FFE79DF847
:101300001D000007002848D5FFE79DF8080010F0F1
:10131000700F42D0FFE7029800F070000146019183
:10132000102814D0FFE70198202815D0FFE7019876
:10133000302816D0FFE70198402817D0FFE7019822
:10134000502818D0FFE70198602819D01DE00898B0
:1013500040F00800089019E0089840F0100008904C
:1013600014E0089840F0200008900FE0089840F042
:10137000400008900AE0089840F08000089005E0DE
:10138000089840F48070089000E0FFE70998016831
:10139000886920F070008861FFE7FFE7099801681D
:1013A00004204860FFE7089848B1FFE7089A0999C8
:1013B000486A104348620998FFF7FCFCFFE70AB04F
:1013C00080BD000080B584B00290029820B9FFE78C
:1013D00001208DF80F00E0E0029890F8200020B97D
:1013E000FFE7029800F0DEF8FFE70298016808685E
:1013F00040F00100086000F003FF0190FFE7029851
:1014000000684068C007A8B9FFE700F0F9FE01993D
:10141000401A0B280DD3FFE70299486A40F40030C8
:1014200048620299052081F8200001208DF80F0004
:10143000B3E0E4E702980168086820F00200086061
:1014400000F0DEFE0190FFE7029800684068800728
:10145000002815D5FFE700F0D3FE0199401A0B28AC
:101460000DD3FFE70299486A40F4003048620299C0
:10147000052081F8200001208DF80F008DE0E3E7C2
:101480000298007E012807D1FFE7029801680868EA
:1014900040F08000086006E002980168086820F0CB
:1014A00080000860FFE70298407E012807D1FFE72F
:1014B00002980168086840F04000086006E0029861
:1014C0000168086820F040000860FFE70298807E0D
:1014D000012807D1FFE702980168086840F0200062
:1014E000086006E002980168086820F020000860A3
:1014F000FFE70298C07E012807D1FFE70298016844
:10150000086820F01000086006E00298016808688A
:1015100040F010000860FFE70298007F012807D123
:10152000FFE702980168086840F00800086006E0DC
:1015300002980168086820F008000860FFE7029838
:10154000407F012807D1FFE702980168086840F052
:101550000400086006E002980168086820F00400B2
:101560000860FFE7029B19685A689868D3F80CC0B6
:1015700040EA0C00D3F810C040EA0C005B69184345
:10158000013A1043C861029900204862029A012181
:1015900082F820108DF80F00FFE79DF80F0004B0CF
:1015A00080BD000080B58CB00B9000200A9009909F
:1015B0000890079006900B98006846F20041C4F22C
:1015C0000001884248D1FFE7FFE70020059043F67D
:1015D0004000C4F20200016841F00071016000683F
:1015E00000F0007005900598FFE7FFE700200490E9
:1015F00043F63000C4F20200016841F001010160CD
:10160000006800F0010004900498FFE74FF4C05018
:101610000690022007900020029008900320099075
:1016200009200A900020C4F2020006A900F0F4FB91
:10163000029A142000900521019100F0B5FE009857
:1016400000F0A8FE0199029A1520039000F0ACFE6C
:10165000039800F09FFEFFE70CB080BD81B00090C2
:1016600001B0704770B586B005900598006846F2E5
:101670000041C4F2000188425BD1FFE7059840F2C7
:10168000E802C2F2000240F2E003C2F200030021CD
:10169000FFF794FB00284BD1FFE740F2E800C2F2CD
:1016A0000000806860BBFFE740F2E800C2F2000083
:1016B000006840F20221884222D0FFE740F2E80EA3
:1016C000C2F2000EDEF80000DEF80410DEF808209A
:1016D000DEF80C30DEF810C0DEF81440DEF81850EA
:1016E00040F2E006C2F20006EE46CEF80C60CEF8FC
:1016F0000850CEF80440CEF800C003F0DBFEFFE750
:1017000040F2E800C2F20000006840F20221884284
:101710000DD1FFE740F2E001C2F2000108684A681B
:1017200040F2D001C2F200014A600860FFE7FFE723
:10173000FFE706B070BD000081B0009001B07047B7
:1017400081B0009001B0704781B0009001B0704747
:1017500080B584B00290029890F8200001282FD123
:10176000FFE70299022081F82000029801680868CA
:1017700020F00100086000F043FD0190FFE70298AF
:1017800000684068C007A8B1FFE700F039FD019983
:10179000401A0B280DD3FFE70299486A40F4003045
:1017A00048620299052081F8200001208DF80F0081
:1017B0000FE0E4E70299002048628DF80F0008E08E
:1017C0000299486A40F40020486201208DF80F0019
:1017D000FFE79DF80F0004B080BD000081B00090CD
:1017E00001B0704781B0009001B0704781B00090A7
:1017F00001B0704781B0009001B0704781B0009097
:1018000001B0704781B0009001B0704781B0009086
:1018100001B0704780B584B002900298806D01904D
:1018200000F0EEFC0090029890F8350002280DD0F0
:10183000FFE7029980204865FFE70299002081F8C0
:101840003400FFE701208DF80F0055E00298016891
:10185000086820F01600086002980168486920F0C6
:10186000800048610298006C20B9FFE70298806C04
:1018700038B1FFE702980168086820F008000860A6
:10188000FFE702980168086820F001000860FFE7A0
:10189000029800680068C007C8B1FFE700F0B0FC1C
:1018A0000099401A062811D3FFE7029920204865C5
:1018B0000299032081F83500FFE70299002081F8A2
:1018C0003400FFE703208DF80F0015E0E0E70298F1
:1018D000C16D3F208840019988600299012081F8FC
:1018E0003500FFE70299002081F83400FFE7FFE7A9
:1018F00000208DF80F00FFE79DF80F0004B080BDB9
:1019000082B00090009890F83500022807D0FFE7D9
:1019100000998020486501208DF807000EE00099AD
:10192000052081F8350000980168086820F0010062
:101930000860FFE700208DF80700FFE79DF807002B
:1019400002B0704780B586B005900020039040F249
:101950005800C2F20000006848F2B511C1F64E31DD
:10196000A0FB0110800A02900598806D01900198FB
:101970000068049004980599C96DC84000070028C4
:101980001AD5FFE70598006800684007002812D5BF
:10199000FFE705980168086820F0040008600598D2
:1019A000C16D08208840019988600599486D40F014
:1019B00001004865FFE7FFE704980599C96DC84035
:1019C000C007A0B1FFE7059800684069000600283D
:1019D0000CD5FFE70598C16D01208840019988600A
:1019E0000599486D40F002004865FFE7FFE704985D
:1019F0000599C96DC8404007002814D5FFE7059830
:101A000000680068800700280CD5FFE70598C16DC5
:101A100004208840019988600599486D40F00400D1
:101A20004865FFE7FFE704980599C96DC840C006FF
:101A3000002847D5FFE705980068006800070028E0
:101A40003FD5FFE70598C16D102088400199886057
:101A5000059800680068400300281AD5FFE705983C
:101A6000006800680003002809D4FFE70598006CAF
:101A700020B1FFE70598016C8847FFE708E005986B
:101A8000806C20B1FFE70598816C8847FFE7FFE78E
:101A900016E0059800680068C005002807D4FFE735
:101AA00005980168086820F008000860FFE70598BD
:101AB000006C20B1FFE70598016C8847FFE7FFE75E
:101AC000FFE7FFE704980599C96DC8408006002824
:101AD00040F18D80FFE7059800680068C006002887
:101AE00040F18480FFE70598C16D2020884001996E
:101AF0008860059890F83500052834D1FFE70598EF
:101B00000168086820F016000860059801684869B7
:101B100020F0800048610598006C20B9FFE7059827
:101B2000806C38B1FFE705980168086820F008006C
:101B30000860FFE70598C16D3F20884001998860E3
:101B40000599012081F83500FFE70599002081F80B
:101B50003400FFE70598006D20B1FFE70598016D9F
:101B60008847FFE77BE0059800680068400300288D
:101B70001AD5FFE70598006800680003002809D41B
:101B8000FFE70598406C20B1FFE70598416C884756
:101B9000FFE708E00598C06B20B1FFE70598C16B2F
:101BA0008847FFE7FFE720E0059800680068C00568
:101BB000002811D4FFE705980168086820F010009C
:101BC00008600599012081F83500FFE7059900209C
:101BD00081F83400FFE7FFE70598C06B20B1FFE70D
:101BE0000598C16B8847FFE7FFE7FFE7FFE7059828
:101BF000406DA0B3FFE70598406DC00730B3FFE725
:101C00000599052081F8350005980168086820F0DD
:101C100001000860FFE703980130039002998842B1
:101C200001D9FFE707E0FFE7059800680068C007F3
:101C30000028F0D1FFE70599012081F83500FFE782
:101C40000599002081F83400FFE7FFE70598C06C94
:101C500020B1FFE70598C16C8847FFE7FFE706B0B2
:101C600080BD000080B586B004900020039000F095
:101C7000C7FA0290049820B9FFE701208DF81700F9
:101C8000A3E00498406A08B1FFE7FFE70499022047
:101C900081F83500FFE70499002081F83400FFE760
:101CA00004980168086820F001000860FFE70498C4
:101CB00000680068C00790B1FFE700F0A1FA029940
:101CC000401A06280AD3FFE70499202048650499A2
:101CD000032081F835008DF8170076E0E7E70498D7
:101CE000006800680390039848F23F01CFF21001AA
:101CF00008400390049900914868D1F808C0CB6867
:101D00000A6940EA0C00184310434A6910438A6983
:101D10001043CA691043096A0143039808430390BA
:101D20000498406A042808D1FFE70499C86A096B3F
:101D30000143039808430390FFE703980499096857
:101D400008600498006840690390039820F0070039
:101D500003900498416A0398084303900498406AEA
:101D600004281AD1FFE70498816A03980843039076
:101D70000498C06A80B1FFE70498FEF7F3FC50B105
:101D8000FFE70499402048650499012081F8350057
:101D90008DF8170019E0FFE7FFE703980499096839
:101DA00048610498FEF7B2FC01900498C16D3F2091
:101DB000884001998860049900204865049A0121AF
:101DC00082F835108DF81700FFE79DF8170006B070
:101DD00080BD000081B0ADF8020001B07047000086
:101DE00080B582B0ADF8060043F61440C4F201009D
:101DF0000068BDF8061008420CD0FFE7BDF80600E9
:101E000043F61441C4F201010860BDF80600FFF773
:101E1000E1FFFFE702B080BD8EB00D900C91002075
:101E20000A90099008900B90FFE70B980F2800F29A
:101E3000CC81FFE70B99012088400A900C9800683C
:101E40000A990840099009980A99884240F0B88197
:101E5000FFE70C98406800F00300012807D0FFE777
:101E60000C98406800F0030002282FD1FFE70D987E
:101E7000806808900B984100032000FA01F108984F
:101E8000884308900C98C0680B99490000FA01F14A
:101E900008980843089008980D9988600D98406844
:101EA00008900B99012000FA01F1089888430890E6
:101EB0000C984068C0F300100B9900FA01F10898E3
:101EC0000843089008980D994860FFE70C9840680F
:101ED00000F00300032818D0FFE70D98C0680890B1
:101EE0000B984100032000FA01F1089888430890FC
:101EF0000C9880680B99490000FA01F10898084392
:101F0000089008980D99C860FFE70C98406800F0A9
:101F10000300022826D1FFE70D980B996FF003020A
:101F200002EA51010844006A08900B9800F007008B
:101F300081000F2000FA01F10898884308900C985E
:101F400000690B9901F00701890000FA01F1089876
:101F50000843089008980D990B9B02EA530211441C
:101F60000862FFE70D98006808900B984100032075
:101F700000FA01F10898884308900C98406800F036
:101F800003000B99490000FA01F1089808430890F2
:101F900008980D9908600C9880798007002800F057
:101FA0000E81FFE7FFE70020079043F64400C4F2EC
:101FB0000200016841F480410160006800F4804043
:101FC00007900798FFE70B9820F0030043F60801FD
:101FD000C4F20101405808900B9800F00300810002
:101FE0000F2000FA01F10898884308900D9800210D
:101FF000C4F20201884203D1FFE7002006905EE0B0
:102000000D9840F20041C4F20201884203D1FFE77B
:102010000120059050E00D9840F60001C4F2020145
:10202000884203D1FFE70220049042E00D9840F679
:102030000041C4F20201884203D1FFE7032003906C
:1020400034E00D9841F20001C4F20201884203D14C
:10205000FFE70420029026E00D9841F20041C4F20F
:102060000201884203D1FFE70520019018E00D9896
:1020700041F60001C4F20201884203D1FFE70620C5
:1020800000900AE00D9941F60042C4F202020820D5
:10209000914208BF07200090FFE700980190FFE7FA
:1020A00001980290FFE702980390FFE703980490DD
:1020B000FFE704980590FFE705980690FFE706986C
:1020C000C0B20B9901F00301890000FA01F10898F0
:1020D0000843089008980B9921F0030143F6080281
:1020E000C4F20102885043F60840C4F201000068BF
:1020F000089009990898884308900C988079C00640
:10210000002805D5FFE70999089808430890FFE7DC
:10211000089843F60841C4F20101086043F60C40F8
:10212000C4F2010000680890099908988843089053
:102130000C9880798006002805D5FFE70999089852
:1021400008430890FFE7089843F60C41C4F20101E8
:10215000086043F60440C4F2010000680890099941
:102160000898884308900C9880798007002805D546
:10217000FFE70999089808430890FFE7089843F695
:102180000441C4F20101086043F60040C4F20100BA
:102190000068089009990898884308900C988079FD
:1021A000C00728B1FFE70999089808430890FFE79E
:1021B000089843F60041C4F201010860FFE7FFE719
:1021C000FFE70B9801300B902FE60EB07047000030
:1021D00082B00190ADF802108DF801209DF8010049
:1021E00028B1FFE7BDF802000199886105E0BDF85C
:1021F0000200000401998861FFE702B07047000007
:1022000044F2B070C2F200000068704740F25C0017
:10221000C2F20000027844F2B071C2F20001086814
:10222000104408607047000080B543F60041C4F2D6
:102230000201086840F400700860086840F480609B
:102240000860086840F480700860032000F0C6F859
:102250000F2000F005F800F071F8002080BD0000AC
:1022600080B58CB00B90002005900490FFE7002013
:10227000019043F64400C4F20200016841F00101FC
:102280000160006800F0010001900198FFE706A8D6
:1022900003A900F0DDF900F01DFA40000590059853
:1022A0004DF68361C4F21B31A0FB01014FF0FF30FA
:1022B00000EB9140049040F24C40C2F2000000213B
:1022C000C4F20101016040F2E731C160049941604C
:1022D000002101618160816100F07CFE8DF80B00BE
:1022E0009DF80B0028BBFFE740F24C40C2F2000013
:1022F00000F0E8FE8DF80B009DF80B00C0B9FFE779
:10230000192000F047F80B980F280CD8FFE70B991D
:102310001920002200F048F80B9840F26001C2F248
:102320000001086003E001208DF80B00FFE7FFE7E4
:10233000FFE79DF80B000CB080BD000080B582B0B7
:10234000FFE70020019043F64400C4F20200016858
:1023500041F480410160006800F4804001900198E0
:10236000FFE7FFE70020009043F64000C4F20200C0
:10237000016841F080510160006800F080500090D9
:102380000098FFE76FF001000F21002200F00CF829
:1023900002B080BD80B582B08DF807009DF90700BE
:1023A00003F0FAFB02B080BD80B586B08DF817004F
:1023B000049103920020029003F006FC02909DF924
:1023C0001700019002980499039A01F0E7FF014673
:1023D000019803F001FC06B080BD000080B582B01A
:1023E0000190019803F03CFC02B080BD80B584B040
:1023F00002900191029820B9FFE701208DF80F00AB
:1024000021E1019843F60041C4F20201096801F09C
:102410000701884212D9FFE7019943F60040C4F250
:1024200002000170006800F007000199884204D0A2
:10243000FFE701208DF80F0005E1FFE70298007823
:10244000800700282AD5FFE7029800784007002877
:1024500009D5FFE743F60801C4F20201086840F419
:10246000E0500860FFE7029800780007002809D5CF
:10247000FFE743F60801C4F20201086840F4604037
:102480000860FFE743F60801C4F20201086820F083
:10249000F000029A926810430860FFE70298007803
:1024A000C00700286ED0FFE702984068012811D1CC
:1024B000FFE743F60000C4F20200006800F40031B8
:1024C0000020B0EB514F04D1FFE701208DF80F0041
:1024D000B9E02CE002984068022805D0FFE7029896
:1024E0004068032811D1FFE743F60000C4F2020060
:1024F000006800F000710020B0EB516F04D1FFE7DD
:1025000001208DF80F009EE010E043F60000C4F2B9
:102510000200006800F002010020B0EB510F04D16E
:10252000FFE701208DF80F008DE0FFE7FFE743F69E
:102530000801C4F20201086820F00300029A526800
:1025400010430860FFF75CFE0090FFE743F60800C9
:10255000C4F20200006800F00C0002994968B0EB78
:10256000810F0ED0FFE7FFF74BFE0099401A41F2B2
:102570008931884204D3FFE703208DF80F0062E021
:10258000E4E7FFE7019843F60041C4F2020109685D
:1025900001F00701884212D2FFE7019943F600409B
:1025A000C4F202000170006800F00700019988423F
:1025B00004D0FFE701208DF80F0044E0FFE7029808
:1025C0000078400700280CD5FFE743F60801C4F265
:1025D0000201086820F4E050029AD26810430860B3
:1025E000FFE702980078000700280DD5FFE743F6C3
:1025F0000801C4F20201086820F46040029A1269DE
:1026000040EAC2000860FFE700F076F843F60801F0
:10261000C4F202010968C9B20A0949F23A21C0F6B6
:102620000001895CC84040F25801C2F20001086014
:1026300040F26000C2F200000068FFF711FE0020C7
:102640008DF80F00FFE79DF80F0004B080BD00007B
:1026500082B00190009101990F20086043F60800B4
:10266000C4F20200016801F00301019A516001689F
:1026700001F0F001019A9160016801F4E051019AC2
:10268000D160006800F46040C0080199086143F619
:102690000040C4F20200006800F0070000990860E2
:1026A00002B0704740F25800C2F200000068704764
:1026B00080B5FFF7F7FF43F60801C4F2020109688D
:1026C000C1F3822249F24A21C0F60001895CC84068
:1026D00080BD000080B5FFF7E5FF43F60801C4F2B6
:1026E0000201096889B24A0B49F24A21C0F6000189
:1026F000895CC84080BD000080B586B00020059090
:1027000004900390029043F60800C4F202000068AF
:1027100000F00C000146019140B1FFE70198042848
:102720000AD0FFE7019808280CD04FE042F20040A1
:10273000C0F2F40002904FE047F64000C0F27D1076
:10274000029049E043F60400C4F20200016801F07F
:102750003F01059100684002002813D5FFE743F6CA
:102760000400C4F202000068C0F3881047F640017C
:10277000C0F27D11A0FB0101059A0023FDF774FD55
:10278000049012E043F60400C4F202000068C0F3B3
:10279000881042F20041C0F2F401A0FB0101059A49
:1027A0000023FDF761FD0490FFE743F60400C4F247
:1027B0000200006800F44031022000EBD1300390A9
:1027C00004980399B0FBF1F0029005E042F200405A
:1027D000C0F2F4000290FFE7029806B080BD00004E
:1027E00080B586B00490049820B9FFE701208DF8E9
:1027F000170050E304980078C007002800F0A58077
:10280000FFE743F60800C4F20200006800F00C0085
:10281000042813D0FFE743F60800C4F20200006862
:1028200000F00C0008281ED1FFE743F60400C4F2B4
:10283000020000684002002815D5FFE743F60000BB
:10284000C4F20200006800F400310020B0EB514FE8
:1028500008D0FFE70498406820B9FFE701208DF811
:10286000170018E370E0FFE704984068B0F5803F78
:1028700009D1FFE743F60001C4F20201086840F401
:102880008030086020E004984068B0F5A02F0DD19A
:10289000FFE743F60001C4F20201086840F480201B
:1028A0000860086840F4803008600CE043F60001DE
:1028B000C4F20201086820F480300860086820F43F
:1028C00080200860FFE7FFE7FFE704984068E8B171
:1028D000FFE7FFF795FC0390FFE743F60000C4F223
:1028E0000200006800F400310020B0EB514F0CD121
:1028F000FFE7FFF785FC0399401A652804D3FFE73B
:1029000003208DF81700C6E2E7E71CE0FFF778FC2C
:102910000390FFE743F60000C4F20200006800F4F1
:1029200000310020B0EB514F0CD0FFE7FFF768FCFF
:102930000399401A652804D3FFE703208DF8170098
:10294000A9E2E7E7FFE7FFE7FFE7049800788007E1
:10295000002840F19680FFE743F60800C4F2020029
:10296000006810F00C0F13D0FFE743F60800C4F224
:102970000200006800F00C0008282CD1FFE743F6A5
:102980000400C4F2020000684002002823D4FFE7DC
:1029900043F60000C4F20200006800F002010020CB
:1029A000B0EB510F09D0FFE70498C068012804D0AC
:1029B000FFE701208DF817006DE243F60001C4F235
:1029C0000201086820F0F800049A126940EAC20087
:1029D0000860FFE754E00498C06870B3FFE7002187
:1029E000C4F2472101200860FFF70AFC0390FFE7CB
:1029F00043F60000C4F20200006800F0020100206B
:102A0000B0EB510F0CD1FFE7FFF7FAFB0399401A27
:102A1000032804D3FFE703208DF817003BE2E7E724
:102A200043F60001C4F20201086820F0F800049A9D
:102A3000126940EAC200086021E00021C4F2472187
:102A400000200860FFF7DCFB0390FFE743F600007F
:102A5000C4F20200006800F002010020B0EB510F48
:102A60000CD0FFE7FFF7CCFB0399401A032804D3EF
:102A7000FFE703208DF817000DE2E7E7FFE7FFE728
:102A8000FFE704980078000700284BD5FFE704987B
:102A9000406918B3FFE740F68061C4F24721012086
:102AA0000860FFF7ADFB0390FFE743F67400C4F244
:102AB0000200006800F002010020B0EB510F0CD1C1
:102AC000FFE7FFF79DFB0399401A032804D3FFE7B4
:102AD00003208DF81700DEE1E7E722E040F6806191
:102AE000C4F2472100200860FFF78AFB0390FFE74C
:102AF00043F67400C4F20200006800F002010020F6
:102B0000B0EB510F0CD0FFE7FFF77AFB0399401AA7
:102B1000032804D3FFE703208DF81700BBE1E7E7A4
:102B2000FFE7FFE7049800784007002840F1CE80D7
:102B3000FFE700208DF8070043F64000C4F20200D2
:102B40000068C000002815D4FFE7FFE700200090D0
:102B500043F64000C4F20200016841F08051016078
:102B6000006800F0805000900098FFE701208DF889
:102B70000700FFE747F20000C4F200000068C0054C
:102B8000002822D4FFE747F20001C4F200010868E0
:102B900040F480700860FFF733FB0390FFE747F2D3
:102BA0000000C4F200000068C00500280CD4FFE754
:102BB000FFF726FB0399401A032804D3FFE70320FD
:102BC0008DF8170067E1EAE7FFE7FFE70498806800
:102BD000012809D1FFE743F67001C4F20201086839
:102BE00040F0010008601FE00498806805280DD1BE
:102BF000FFE743F67001C4F20201086840F00400E8
:102C00000860086840F0010008600CE043F67001BD
:102C1000C4F20201086820F001000860086820F092
:102C200004000860FFE7FFE7FFE704988068F8B159
:102C3000FFE7FFF7E5FA0390FFE743F67000C4F201
:102C40000200006800F002010020B0EB510F0ED12D
:102C5000FFE7FFF7D5FA0399401A41F2893188421C
:102C600004D3FFE703208DF8170014E1E5E71EE029
:102C7000FFF7C6FA0390FFE743F67000C4F20200C4
:102C8000006800F002010020B0EB510F0ED0FFE70A
:102C9000FFF7B6FA0399401A41F28931884204D30A
:102CA000FFE703208DF81700F5E0E5E7FFE79DF863
:102CB0000700012809D1FFE743F64001C4F20201F1
:102CC000086820F080500860FFE7FFE704988069FB
:102CD000002800F0DC80FFE743F60800C4F20200A1
:102CE000006800F00C00082800F08580FFE70498D9
:102CF000806902285CD1FFE76021C4F247210020EF
:102D00000860FFF77DFA0390FFE743F60000C4F286
:102D10000200006800F000710020B0EB516F0CD091
:102D2000FFE7FFF76DFA0399401A032804D3FFE782
:102D300003208DF81700AEE0E7E70499C869D1F8E1
:102D400020C04B6A8A6A40EA0C0040EA8310D20332
:102D50004FF6FF739A43A2F580321043C96A40EAE6
:102D6000016043F60401C4F2020108606021C4F26C
:102D7000472101200860FFF743FA0390FFE743F67D
:102D80000000C4F20200006800F000710020B0EB07
:102D9000516F0CD1FFE7FFF733FA0399401A03286C
:102DA00004D3FFE703208DF8170074E0E7E721E084
:102DB0006021C4F2472100200860FFF721FA039048
:102DC000FFE743F60000C4F20200006800F0007163
:102DD0000020B0EB516F0CD0FFE7FFF711FA039919
:102DE000401A032804D3FFE703208DF8170052E0B0
:102DF000E7E7FFE74AE004988069012804D1FFE78C
:102E000001208DF8170046E043F60400C4F20200EA
:102E10000068029004988069012831D0FFE7029889
:102E200000F480000499C969884229D1FFE702981B
:102E300000F03F000499096A884221D1FFE7029817
:102E400047F6C07108400499496AB0EB811F17D159
:102E5000FFE7029800F440300499896AC9034FF6ED
:102E6000FF729143A1F58031884209D1FFE70298B2
:102E700000F070600499C96AB0EB016F04D0FFE7FD
:102E800001208DF8170006E0FFE7FFE7FFE70020CD
:102E90008DF81700FFE79DF8170006B080BD000011
:102EA00081B0009001B0704781B0009001B07047D0
:102EB00085B003900291FFE7039890F83C00012849
:102EC00004D1FFE702208DF813007EE00399012072
:102ED00081F83C00FFE7FFE70399022081F83D00FD
:102EE000039800684068019003980068806800902B
:102EF000019820F070000190029801680198084341
:102F000001900198039909684860039800680021BE
:102F1000C4F2010188423CD0FFE703980068B0F199
:102F2000804F36D0FFE70398006840F20041C4F2BA
:102F3000000188422DD0FFE70398006840F60001A9
:102F4000C4F20001884224D0FFE70398006840F6ED
:102F50000041C4F2000188421BD0FFE703980068DB
:102F600040F20041C4F20101884212D0FFE7039809
:102F7000006844F20001C4F20101884209D0FFE771
:102F80000398006841F60001C4F2000188420ED1A6
:102F9000FFE7009820F080000090029841680098B8
:102FA000084300900098039909688860FFE7039937
:102FB000012081F83D00FFE70399002081F83C00E3
:102FC000FFE700208DF81300FFE79DF8130005B020
:102FD0007047000080B582B00090009820B9FFE7EC
:102FE00001208DF807003FE0009890F83D0040B9BF
:102FF000FFE70099002081F83C00009800F038F8C5
:10300000FFE70099022081F83D00009951F8040B78
:1030100001F092FB0099012081F84600FFE700993A
:10302000012081F83E00009981F83F00009981F865
:103030004000009981F84100FFE7FFE70099012077
:1030400081F84200009981F84300009981F844001A
:10305000009981F84500FFE70099012081F83D00C3
:1030600000208DF80700FFE79DF8070002B080BD43
:1030700080B584B003900398006840F20041C4F228
:10308000000188421BD1FFE7FFE70020029043F6D2
:103090004000C4F20200016841F0020101600068D2
:1030A00000F0020002900298FFE71D200190052128
:1030B0000022FFF779F90198FFF76CF9FFE704B0F8
:1030C00080BD000083B00190019890F83D00012878
:1030D00004D0FFE701208DF80B006AE0019902207F
:1030E00081F83D0001980168C86840F00100C8609F
:1030F000019800680021C4F2010188423CD0FFE73A
:1031000001980068B0F1804F36D0FFE70198006861
:1031100040F20041C4F2000188422DD0FFE701983F
:10312000006840F60001C4F20001884224D0FFE7A5
:103130000198006840F60041C4F2000188421BD0AB
:10314000FFE70198006840F20041C4F201018842A3
:1031500012D0FFE70198006844F20001C4F20101B7
:10316000884209D0FFE70198006841F60001C4F2E7
:103170000001884212D1FFE701980068806800F0E2
:10318000070000900098062807D0FFE70198016823
:10319000086840F001000860FFE706E00198016858
:1031A000086840F001000860FFE700208DF80B0080
:1031B000FFE79DF80B0003B07047000080B586B0B4
:1031C0000490039100208DF80B00FFE7049890F81D
:1031D0003C00012804D1FFE702208DF81700ABE086
:1031E0000499012081F83C00FFE7FFE704990220E1
:1031F00081F83D000498006880680190019820F0F3
:1032000077000190019820F47F4001900198049983
:1032100009688860039800680090002872D0FFE772
:10322000009810286ED0FFE7009820286AD0FFE7AA
:103230000098302866D0FFE70098402855D0FFE777
:103240000098502837D0FFE70098602840D0FFE76B
:10325000009870280BD0FFE70098B0F5805F05D08C
:10326000FFE70098B0F5005F16D052E055E00498F3
:103270000068039B5A689968DB6801F02FFB04988B
:10328000006880680190019840F0770001900198F3
:1032900004990968886040E004980068039B5A68B4
:1032A0009968DB6801F01AFB04980168886840F4AB
:1032B0008040886031E004980068039A5168D268C1
:1032C00001F018FD04980068502101F021FB24E072
:1032D00004980068039A5168D26801F033FD04989D
:1032E0000068602101F014FB17E004980068039A5D
:1032F0005168D26801F0FEFC04980068402101F09A
:1033000007FB0AE0049800680399096801F000FBD4
:1033100003E001208DF80B00FFE70499012081F8FC
:103320003D00FFE70499002081F83C00FFE79DF88D
:103330000B008DF81700FFE79DF8170006B080BD61
:1033400081B0009001B0704780B584B003900398BD
:103350000068C068029003980068006901909DF8B9
:1033600004008007002824D5FFE79DF808008007A7
:1033700000281DD5FFE7039801686FF0020008617F
:10338000039901200877039800688069800720B1BD
:10339000FFE70398FFF7D4FF06E0039800F016F963
:1033A000039800F00BFAFFE7039900200877FFE786
:1033B000FFE79DF804004007002825D5FFE79DF8AA
:1033C0000800400700281ED5FFE7039801686FF04A
:1033D0000400086103990220087703980068806957
:1033E00010F4407F04D0FFE70398FFF7A9FF06E041
:1033F000039800F0EBF8039800F0E0F9FFE7039979
:1034000000200877FFE7FFE79DF804000007002889
:1034100024D5FFE79DF80800000700281DD5FFE729
:10342000039801686FF00800086103990420087789
:1034300003980068C069800720B1FFE70398FFF791
:103440007FFF06E0039800F0C1F8039800F0B6F99A
:10345000FFE7039900200877FFE7FFE79DF80400E6
:10346000C006002825D5FFE79DF80800C006002803
:103470001ED5FFE7039801686FF0100008610399FB
:103480000820087703980068C06910F4407F04D0D2
:10349000FFE70398FFF754FF06E0039800F096F863
:1034A000039800F08BF9FFE7039900200877FFE706
:1034B000FFE79DF80400C00778B1FFE79DF808001A
:1034C000C00748B1FFE7039801686FF00100086189
:1034D000039800F077F9FFE7FFE79DF80400000686
:1034E000002810D5FFE79DF808000006002809D540
:1034F000FFE7039801686FF0800008610398FFF709
:10350000CFFCFFE7FFE79DF804004006002810D538
:10351000FFE79DF808004006002809D5FFE703985B
:1035200001686FF040000861039800F05FF9FFE761
:10353000FFE79DF804008006002810D5FFE79DF8FE
:1035400008008006002809D5FFE7039801686FF09E
:10355000200008610398FFF7A7FCFFE7FFE704B02E
:1035600080BD000080B588B00790002006900590CF
:103570000490039002900798006840F20041C4F262
:103580000001884220D1FFE7FFE70020019043F6C9
:103590003000C4F20200016841F0010101600068DE
:1035A00000F0010001900198FFE7C0200290022086
:1035B000039000210491059106900020C4F20200BE
:1035C00002A9FEF729FCFFE708B080BD81B000909A
:1035D00001B0704780B586B004900391029200203C
:1035E0008DF80700FFE7049890F83C00012804D10B
:1035F000FFE702208DF8170089E00499012081F887
:103600003C00FFE7FFE7029800900C2800F2708072
:103610000099DFE801F0076D6D6D206D6D6D3A6DFD
:103620006D6D530004980068039901F087F90498C0
:103630000168886940F00800886104980168886919
:1036400020F0040088610398026904980168886981
:103650001043886150E004980068039901F0E4F990
:1036600004980168886940F40060886104980168E2
:10367000886920F480608861039802690498016871
:10368000886940EA0220886136E00498006803995E
:1036900001F044FA04980168C86940F00800C86164
:1036A00004980168C86920F00400C86103980269A1
:1036B00004980168C8691043C8611DE00498006857
:1036C000039901F0A5FA04980168C86940F4006004
:1036D000C86104980168C86920F48060C8610398D3
:1036E000026904980168C86940EA0220C86103E0E1
:1036F00001208DF80700FFE7FFE70499002081F81B
:103700003C00FFE79DF807008DF81700FFE79DF8E4
:10371000170006B080BD000080B582B00090009810
:1037200020B9FFE701208DF807003FE0009890F8EE
:103730003D0040B9FFE70099002081F83C00009867
:1037400000F038F8FFE70099022081F83D00009969
:1037500051F8040B00F0F0FF0099012081F84600B9
:10376000FFE70099012081F83E00009981F83F00B1
:10377000009981F84000009981F84100FFE7FFE7D8
:103780000099012081F84200009981F843000099D6
:1037900081F84400009981F84500FFE70099012075
:1037A00081F83D0000208DF80700FFE79DF8070035
:1037B00002B080BD81B0009001B0704781B0009030
:1037C00001B0704780B582B0019001980068002177
:1037D000C4F20101884203D1FFE7FEF717FDFFE7BE
:1037E000019801F067FA02B080BD000081B000903E
:1037F00001B0704780B586B004900391ADF80A20FF
:10380000049890F8420020284DD1FFE7039820B19A
:10381000FFE7BDF80A0020B9FFE701208DF8170087
:1038200045E0049901200863049900204863049846
:103830000399BDF80A2001F06DFC8DF809009DF890
:10384000090058BBFFE70498006B012821D1FFE76E
:10385000FFE7002001900498006800680190049838
:103860000068406801900198FFE7FFE7FFE70498D0
:10387000006850E8030F40F010000090FFE7009947
:103880000498026842E803100028F0D1FFE7FFE740
:1038900003E001208DF80900FFE7FFE79DF809002C
:1038A0008DF8170003E002208DF81700FFE79DF860
:1038B000170006B080BD000080B58CB00B90ADF84D
:1038C0002A100B98006841F20001C4F201018842FD
:1038D00043D1FFE740F69C20C2F200000078A52803
:1038E0002FD1FFE740F69C20C2F2000000795A2851
:1038F00027D1FFE740F69C20C2F2000001788DF846
:10390000071041788DF8081081788DF80910C1787A
:103910008DF80A1000798DF80B002120049000200A
:1039200007900690052108918DF8240040F264303C
:10393000C2F2000004A90DF1070203ABFDF7BEF8C7
:10394000FFE740F2DC40C2F2000040F69C21C2F2E8
:1039500000010522FFF74EFFFFE70CB080BD00001D
:1039600081B0009001B0704780B592B0119011986D
:1039700000680068109011980068C0680F90119856
:10398000006840690E9000200D900C90109800F097
:103990000F000D900D9888B9FFE79DF84000800654
:1039A00000280AD5FFE79DF83C008006002804D5D2
:1039B000FFE7119801F05CFA02E2FFE70D9800289A
:1039C00000F0C280FFE79DF83800C00738B9FFE774
:1039D000BDF83C0010F4907F00F0B680FFE79DF842
:1039E0004000C00758B1FFE79DF83D00C00730B167
:1039F000FFE71199486C40F001004864FFE79DF82B
:103A00004000400700280BD5FFE79DF83800C007AD
:103A100030B1FFE71199486C40F002004864FFE7BD
:103A20009DF84000800700280BD5FFE79DF838007F
:103A3000C00730B1FFE71199486C40F004004864BA
:103A4000FFE79DF840000007002811D5FFE79DF82B
:103A50003C008006002805D4FFE79DF83800C00729
:103A600030B1FFE71199486C40F008004864FFE767
:103A70001198406C002866D0FFE79DF84000800652
:103A800000280AD5FFE79DF83C008006002804D5F1
:103A9000FFE7119801F0ECF9FFE711980068406921
:103AA000C0F380100C901198406C0007002804D4DB
:103AB000FFE70C9800283ED0FFE7119801F07AF953
:103AC000119800684069400600282FD5FFE7FFE7FE
:103AD000FFE71198006850E8050F20F040000B90B8
:103AE000FFE70B991198026842E805100028F0D111
:103AF000FFE7FFE71198C06B98B1FFE71198C16B22
:103B000044F69950C0F6000008651198C06BFDF7A7
:103B1000F7FE28B1FFE71198C06B016D8847FFE7FA
:103B200003E01198FFF71CFFFFE703E01198FFF790
:103B300017FFFFE706E01198FFF712FF1199002029
:103B40004864FFE7FFE73BE11198006B012840F074
:103B50001781FFE79DF84000C006002840F1108162
:103B6000FFE79DF83C00C006002840F10981FFE70F
:103B7000FFE700200A901198006800680A901198E9
:103B8000006840680A900A98FFE711980068406949
:103B90004006002840F19A80FFE71198C06B00684A
:103BA0004068ADF82600BDF82600002875D0FFE774
:103BB000BDF826001199898D88426EDAFFE7BDF8BD
:103BC00026001199C8851198C06BC069B0F5807F37
:103BD00058D0FFE7FFE7FFE71198006850E8030FB0
:103BE00020F480700890FFE708991198026842E875
:103BF00003100028F0D1FFE7FFE7FFE7FFE7119888
:103C0000006850E8050F20F001000790FFE70799D2
:103C10001198026842E805100028F0D1FFE7FFE79D
:103C2000FFE7FFE71198006850E8050F20F040001B
:103C30000690FFE706991198026842E805100028EF
:103C4000F0D1FFE7FFE71199202081F84200119998
:103C500000200863FFE7FFE71198006850E8030FB2
:103C600020F010000590FFE705991198026842E8DE
:103C700003100028F0D1FFE7FFE71198C06BFDF7B4
:103C8000C9FDFFE71199022048631198818DC28D0B
:103C9000891A89B2FFF710FE17E0BDF826001199C6
:103CA000898D884210D1FFE71198C06BC069B0F5CB
:103CB000807F08D1FFE71199022048631198818D18
:103CC000FFF7FAFDFFE7FFE7FFE779E01199888D3D
:103CD000C98D401AADF812001198C08D00284ED041
:103CE000FFE7BDF81200002849D0FFE7FFE7FFE734
:103CF0001198006850E8030F20F490700390FFE7DC
:103D000003991198026842E803100028F0D1FFE7F8
:103D1000FFE7FFE7FFE71198006850E8050F20F084
:103D200001000290FFE702991198026842E805102D
:103D30000028F0D1FFE7FFE71199202081F8420029
:103D4000119900200863FFE7FFE71198006850E829
:103D5000030F20F010000190FFE70199119802680D
:103D600042E803100028F0D1FFE7FFE71199022095
:103D700048631198BDF81210FFF79EFDFFE71FE0A2
:103D80009DF84000000600280AD5FFE79DF83C009A
:103D90000006002804D5FFE7119801F0EDF90FE0C7
:103DA0009DF84000400600280AD5FFE79DF83C003A
:103DB0004006002804D5FFE7119801F045F8FFE719
:103DC00012B080BD80B582B00090009820B9FFE7A6
:103DD00001208DF8070040E00098806908B1FFE7F6
:103DE00000E0FFE7009890F8410040B9FFE7009934
:103DF000002081F84000009800F034F8FFE70099B7
:103E0000242081F8410000980168C86820F400501F
:103E1000C860009801F0E0F800980168086920F493
:103E20009040086100980168486920F02A004861C4
:103E300000980168C86840F40050C86000990020EC
:103E40004864009A202182F84110009A82F84210BA
:103E5000009948638DF80700FFE79DF8070002B05E
:103E600080BD000080B592B01190002010900F909E
:103E70000E900D900C901198006841F20001C4F270
:103E80000101884240F0AC80FFE7FFE700200B9083
:103E900043F64400C4F20200016841F010010160E1
:103EA000006800F010000B900B98FFE7FFE7002080
:103EB0000A9043F63000C4F20200016841F00101AB
:103EC0000160006800F001000A900A98FFE74FF4D3
:103ED00000700C90022002900D90002008900E902F
:103EE000032003900F900720049010900020C4F24C
:103EF000020005900CA90691FDF78EFFDDF808C0C1
:103F0000039B049A059806994FF4806ECDF81CE047
:103F1000CDF830E0CDF834C04FF0010CCDF838C00A
:103F20000F931092FDF778FF079A089940F28C30B2
:103F3000C2F20000099046F24043C4F2020303605B
:103F40004FF0006343608160C16002614161816143
:103F5000C16101624162FDF785FE18B1FFE7FCF720
:103F6000D1FCFFE7FFE7119840F28C31C2F200016B
:103F7000C16311988863FFE740F2EC30C2F20000A1
:103F8000019046F2B841C4F2020101604FF00061B5
:103F90004160402181600021C1604FF48062026174
:103FA00041618161C16101624162FDF75BFE18B14F
:103FB000FFE7FCF7A7FCFFE7FFE7119840F2EC31C1
:103FC000C2F20001816311988863FFE72520009009
:103FD00005210022FEF7E8F90098FEF7DBF9FFE77C
:103FE00012B080BD81B0009001B0704781B00090E8
:103FF00001B07047FFE7FEE780B58EB040F2643055
:10400000C2F20000029046F20041C4F200010160D9
:1040100003214160002103918160C1604FF40022BF
:1040200002614FF440124261017641768176C17699
:1040300001774177FDF7C6F918B1FFE7FCF762FC9D
:10404000FFE701200C900E200D90002001900990B8
:104050000B900A900890049006900590079040F20B
:104060006430C2F2000004A9FCF7D4FD18B1FFE7E8
:10407000FCF748FCFFE740F26430C2F20000FDF7B5
:1040800067FB18B1FFE7FCF73DFCFFE740F2643047
:10409000C2F200000221FCF7E7FC18B1FFE7FCF7D1
:1040A00031FCFFE70EB080BD80B586B0FFE7002091
:1040B000059043F63000C4F20200016841F480012B
:1040C0000160006800F4800005900598FFE73A2041
:1040D00001900521029100220392FEF765F90198F3
:1040E000FEF758F90299039A46200490FEF75CF90E
:1040F0000498FEF74FF906B080BD000080B582B08D
:1041000045F27540C0F6000049F2A422C0F6000254
:104110000021019101F084FE019940F20812C2F2DF
:104120000002106040F24550C0F6000049F25422EF
:10413000C0F6000201F074FE019940F2C802C2F21A
:104140000002106040F28550C0F6000049F278226B
:10415000C0F6000201F064FE40F2CC01C2F20001A0
:10416000086002B080BD000080B58EB000200D90C8
:104170000C900B900A900990FFE70020089043F6FE
:104180003000C4F20200016841F080010160006863
:1041900000F0800008900898FFE7FFE700200790F4
:1041A00043F63000C4F20200016841F001010160F1
:1041B000006800F0010007900798FFE7FFE7002084
:1041C000069043F63000C4F20200016841F0040199
:1041D0000160006800F0040006900698FFE70020E8
:1041E000C4F2020001904FF49871009100220492F1
:1041F000FDF7EEFF009A01980499099201220A92B4
:10420000022202920B920C9109A90391FDF704FE80
:10421000029803994FF4006209924FF488120A92AF
:104220000B9040F60000C4F20200FDF7F5FD049A81
:10423000282005900521FEF7B7F80598FEF7AAF8A3
:104240000EB080BD80B58EB0002100910D910C9113
:104250000B910A910991089107910691059104919A
:1042600003910291019140F29440C2F2000040F2A9
:104270000042C4F20002026053224260816040F2B8
:10428000E732C26001618161FEF7A4FE18B1FFE769
:10429000FCF738FBFFE74FF480500A9040F294405F
:1042A000C2F200000AA9FEF789FF18B1FFE7FCF788
:1042B00029FBFFE740F29440C2F20000FFF72CFA1E
:1042C00018B1FFE7FCF71EFBFFE7002008900990FC
:1042D00040F29440C2F2000008A9FEF7E9FD18B1CF
:1042E000FFE7FCF70FFBFFE760200190002202923E
:1042F0000392059240F29440C2F2000001A9FFF738
:1043000069F918B1FFE7FCF7FDFAFFE740F29440C6
:10431000C2F2000001A90422FFF75CF918B1FFE71F
:10432000FCF7F0FAFFE740F29440C2F20000FFF71A
:1043300019F90EB080BD000080B582B040F2DC40BB
:10434000C2F20000019041F20001C4F201010160DB
:104350004FF4E131416000218160C16001610C22B4
:1043600042618161C161FFF72DFD18B1FFE7FCF7E4
:10437000C9FAFFE702B080BDFFE7FEE781B08DED2F
:10438000000A9DED000A9FED031A20EE010A01B01C
:10439000704700BF0000B443FFE7FEE788B0079016
:1043A00006910592079800F0070004900498C0F168
:1043B0000700052803D3FFE70420019004E00498D8
:1043C000C0F107000190FFE70198039004980430C2
:1043D000062803D8FFE70020009003E00498033884
:1043E0000090FFE70098029006980399012202FAD4
:1043F00001F101390840029B984005999A40013A21
:104400001140084308B0704789B007908DED060A47
:10441000CDED050A9DED060A9DED051A30EE410A27
:104420008DED040A079890ED000A9DED041A20EE28
:10443000010A8DED030A079890ED030A90ED061A24
:10444000B4EE410AF1EE10FA17DAFFE7079890EDA3
:10445000030A90ED061AB1EE411AB4EE410AF1EEEC
:1044600010FA0ADDFFE79DED041A079890ED030AA4
:1044700030EE010A80ED030AFFE7079890ED030A8A
:1044800090ED061AB4EE410AF1EE10FA04DDFFE7F2
:1044900007998869C860FFE7079890ED030A90EDD7
:1044A000061AB1EE411AB4EE410AF1EE10FA08DA3A
:1044B000FFE7079890ED060AB1EE400A80ED030A87
:1044C000FFE7079890ED010A90ED031A20EE010A2C
:1044D0008DED020A079890ED020A90ED051A9DED08
:1044E000052A31EE421A20EE010A8DED010A0498E8
:1044F000079908610598079948619DED030A9DEDAC
:10450000021A30EE010A9DED011A30EE010A8DED1E
:10451000000A9DED000A079890ED071AB4EE410AD3
:10452000F1EE10FA04DDFFE70798C069089017E084
:104530009DED000A079890ED071AB1EE411AB4EE0E
:10454000410AF1EE10FA08DAFFE7079890ED070A42
:10455000B1EE400A8DED080A02E000980890FFE7EE
:104560009DED080A09B0704700000000000000003F
:10457000EFF30980BFF36F8F154B1A681EF0100F11
:1045800008BF20ED108A20E9F04F10602DE90900E6
:104590004FF0500080F31188BFF34F8FBFF36F8F40
:1045A00003F014F94FF0000080F31188BDE8090012
:1045B00019680868B0E8F04F1EF0100F08BFB0ECA3
:1045C000108A80F30988BFF36F8F704700BF00BF68
:1045D0002406002081B000900099002081F800019D
:1045E000009981F80101009981F8020101B070473A
:1045F000074B19680868B0E8F04F80F30988BFF3EB
:104600006F8F4FF0000080F31188704700BF00BF2C
:104610002406002080B56FF00400002101F0FEFAAE
:1046200080BD000080B54EF21000CEF200000068A0
:1046300003F0A8FE012803D0FFE703F0D7F9FFE756
:1046400080BD000080B594B008A83021FBF7D1FEF2
:10465000002007900690059004900390FFE700204B
:10466000029043F64000C4F20200016841F080511C
:104670000160006800F0805002900298FFE7FFE7B9
:104680000020019047F20000C4F20000016841F4EC
:1046900080410160006800F4804001900198FFE7CC
:1046A000012008904FF48030099002200E904FF4C2
:1046B00080010F91192110914FF4A871119112905E
:1046C0000420139008A8FEF78BF818B1FFE7FCF759
:1046D00019F9FFE70F2003900220049000200590B5
:1046E0004FF4A05006904FF48050079003A8052186
:1046F000FDF77CFE18B1FFE7FCF704F9FFE714B003
:1047000080BD00004EF68851CEF20001086840F4EA
:10471000700008607047000080B540F24C40C2F263
:104720000000FEF711FE80BD80B540F29440C2F259
:104730000000FEF709FE80BD83B00290019102984F
:104740000068009002980021C4F20101884225D03F
:10475000FFE70298B0F1804F20D0FFE7029840F2C7
:104760000041C4F20001884218D0FFE7029840F6E9
:104770000001C4F20001884210D0FFE7029840F621
:104780000041C4F20001884208D0FFE7029840F2DD
:104790000041C4F2010188420AD1FFE7009820F0ED
:1047A0007000009001984168009808430090FFE76E
:1047B00002980021C4F20101884255D0FFE7029817
:1047C000B0F1804F50D0FFE7029840F20041C4F2B0
:1047D0000001884248D0FFE7029840F60001C4F289
:1047E0000001884240D0FFE7029840F60041C4F241
:1047F0000001884238D0FFE7029840F20041C4F23D
:104800000101884230D0FFE7029844F20001C4F26F
:104810000101884228D0FFE7029844F20041C4F227
:104820000101884220D0FFE7029844F60001C4F25B
:104830000101884218D0FFE7029841F60001C4F256
:104840000001884210D0FFE7029841F60041C4F20F
:104850000001884208D0FFE7029842F20001C4F24A
:10486000000188420AD1FFE7009820F440700090D0
:104870000198C168009808430090FFE7009820F075
:104880008000019949690843009001988068029965
:10489000C862019800680299886202980021C4F2F7
:1048A0000101884208D0FFE7029840F20041C4F2BB
:1048B0000101884205D1FFE7019800690299086368
:1048C000FFE70299086840F004000860029901209F
:1048D000486100980299086003B0704785B0049061
:1048E000039102920193049880680090009820F44C
:1048F0007F40009003980299019A41EA0221014306
:1049000000980843009000980499886005B07047AB
:1049100083B002900191029880680090009820F086
:104920007000009001980099084340F00700009043
:1049300000980299886003B07047000085B0049029
:1049400003910498006A01900499086A20F001001C
:104950000862049840680090049880690290029868
:1049600020F070000290029820F00300029003985B
:104970000168029808430290019820F0020001901B
:104980000398816801980843019004980021C4F2BB
:104990000101884208D0FFE7049840F20041C4F2C8
:1049A000010188420ED1FFE7019820F00800019034
:1049B0000398C168019808430190019820F0040011
:1049C0000190FFE704980021C4F20101884208D059
:1049D000FFE7049840F20041C4F20101884213D17C
:1049E000FFE7009820F480700090009820F4007099
:1049F00000900398416900980843009003988169EA
:104A0000009808430090FFE70098049948600298D6
:104A1000049988610398406804994863019804994F
:104A2000086205B07047000085B0049003910498B7
:104A3000006A01900499086A20F010000862049846
:104A400040680090049880690290029820F4E04049
:104A50000290029820F44070029003980168029836
:104A600040EA01200290019820F020000190039874
:104A70008168019840EA0110019004980021C4F275
:104A80000101884208D0FFE7049840F20041C4F2D7
:104A9000010188420FD1FFE7019820F080000190CA
:104AA0000398C168019840EA01100190019820F034
:104AB00040000190FFE704980021C4F20101884200
:104AC00008D0FFE7049840F20041C4F20101884297
:104AD00015D1FFE7009820F480600090009820F442
:104AE0000060009003984169009840EA81000090BE
:104AF00003988169009840EA81000090FFE70098E0
:104B00000499486002980499886103984068049960
:104B1000886301980499086205B0704785B00490D5
:104B200003910498006A01900499086A20F4807047
:104B300008620498406800900498C0690290029846
:104B400020F070000290029820F003000290039879
:104B50000168029808430290019820F400700190C7
:104B600003988168019840EA01200190049800218F
:104B7000C4F20101884208D0FFE7049840F20041E6
:104B8000C4F2010188420FD1FFE7019820F40060D0
:104B900001900398C168019840EA012001900198B2
:104BA00020F480600190FFE704980021C4F2010125
:104BB000884208D0FFE7049840F20041C4F20101A6
:104BC000884215D1FFE7009820F4805000900098AB
:104BD00020F40050009003984169009840EA0110C9
:104BE000009003988169009840EA01100090FFE767
:104BF00000980499486002980499C8610398406835
:104C00000499C86301980499086205B070470000D0
:104C100085B0049003910498006A01900499086A91
:104C200020F4805008620498406800900498C0699D
:104C30000290029820F4E0400290029820F4407024
:104C4000029003980168029840EA012002900198BE
:104C500020F40050019003988168019840EA0130E7
:104C6000019004980021C4F20101884208D0FFE7B6
:104C7000049840F20041C4F2010188420BD1FFE7E1
:104C8000009820F48040009003984169009840EA21
:104C900081100090FFE700980499486002980499F9
:104CA000C8610398406804990864019804990862EF
:104CB00005B0704781B000900098006840F2004154
:104CC000C4F20001884213D1FFE740F20410C2F29F
:104CD00000000168013101600068022807D3FFE786
:104CE00040F20411C2F2000100200860FFE7FFE774
:104CF00001B0704785B00490039102920498006A55
:104D000000900499086A20F0010008620498806904
:104D10000190019820F0F00001900299019840EA7A
:104D200001100190009820F00A000090039900986B
:104D300008430090019804998861009804990862DA
:104D400005B0704785B00490039102920498006A00
:104D500000900499086A20F01000086204988069A5
:104D60000190019820F4704001900299019840EA66
:104D700001300190009820F0A00000900399009865
:104D800040EA011000900198049988610098049904
:104D9000086205B07047000080B582B001900198AC
:104DA000806B009000990020C8850098FEF7D8FD20
:104DB00002B080BD84B00390FFE7FFE7039800686E
:104DC00050E8030F20F490700290FFE702990398D7
:104DD000026842E803100028F0D1FFE7FFE7FFE791
:104DE000FFE70398006850E8050F20F001000190EC
:104DF000FFE701990398026842E805100028F0D106
:104E0000FFE7FFE70398006B012814D1FFE7FFE7F6
:104E1000FFE70398006850E8030F20F010000090AF
:104E2000FFE700990398026842E803100028F0D1D8
:104E3000FFE7FFE7FFE70399202081F8420003998D
:104E40000020086304B0704780B582B001900198DB
:104E50000168C86820F04000C8600199202081F8EE
:104E600041000198FFF7C2F8002002B080BD0000A9
:104E700080B586B00490002003900290049890F8CA
:104E80004200222840F0A080FFE704988068B0F537
:104E9000805F13D1FFE70498006978B9FFE70498B1
:104EA000806A02900498006840686FF35F2002995E
:104EB00008800499886A0230886223E00498806A36
:104EC000039004988068B0F5805F08D0FFE70498ED
:104ED000806850B9FFE70498006930B9FFE704988B
:104EE000006840680399087007E00498006840680B
:104EF00000F07F0003990870FFE70499886A013089
:104F00008862FFE70499C88D0138C885000400282D
:104F100056D1FFE704980168C86820F02000C860F7
:104F200004980168C86820F48070C860049801681B
:104F3000486920F0010048610499202081F842006E
:104F40000499002048630498006B012830D1FFE7E2
:104F5000049900200863FFE7FFE70498006850E821
:104F6000030F20F010000190FFE7019904980268F8
:104F700042E803100028F0D1FFE7FFE7049800683B
:104F80000068C00600280ED5FFE7FFE7002000906C
:104F900004980068006800900498006840680090D9
:104FA0000098FFE7FFE70498818DFEF785FC03E09A
:104FB0000498FFF717F8FFE700208DF8170007E0C7
:104FC00000208DF8170003E002208DF81700FFE79E
:104FD0009DF8170006B080BD80B586B00590059895
:104FE0000068006920F44050059A1168D2681043A7
:104FF0000861059988680B694A69C96918431043B3
:105000000843049005980068C06849F20C61884321
:105010000499084305990968C860059800684069C3
:1050200020F44070059A1168926910434861059810
:10503000006841F20001C4F20101884209D0FFE793
:105040000598006841F20041C4F20101884204D190
:10505000FFE7FDF73FFB039003E0FDF729FB03901B
:10506000FFE70598C069B0F5004F29D1FFE7039825
:105070001921A0FB0101059A1368029353685A0095
:10508000DB0FFBF7F1F80299864648F21F53C5F291
:10509000EB13AEFB0320420910014FF0640C02FB3E
:1050A0001CEC322202EBCC02A2FB0332F82303EA0F
:1050B000521300EB4300C2F342121044886026E012
:1050C00003981921A0FB0101059A13680193536805
:1050D0009A009B0FFBF7C8F80199844648F21F52CB
:1050E000C5F2EB12ACFB02304309642003FB10CC89
:1050F000322000EB0C10A0FB0202F02000EA52105C
:1051000000EB0310C2F3431210448860FFE706B0BF
:1051100080BD000083B002900191ADF8022001989B
:1051200002998862BDF8020002998885BDF80200E4
:105130000299C8850299002048640299222081F8CA
:1051400042000298006938B1FFE702980168C86818
:1051500040F48070C860FFE702980168486940F039
:105160000100486102980168C86840F02000C860EA
:10517000002003B07047000083B00190019890F8C0
:10518000410021283AD1FFE701988068B0F5805F9F
:1051900013D1FFE70198006978B9FFE70198006A29
:1051A0000090009800886FF35F20019909684860BB
:1051B0000199086A0230086208E0019A106A411CED
:1051C00011620078019909684860FFE70199C88C6D
:1051D0000138C884000468B9FFE701980168C8680D
:1051E00020F08000C86001980168C86840F0400065
:1051F000C860FFE700208DF80B0003E002208DF867
:105200000B00FFE79DF80B0003B0704780B540F23C
:10521000DC40C2F20000FEF7A7FB80BDFFE7FEE71F
:1052200080B58AB040F6A420C2F2000000F036FD3E
:1052300060BBFFE700210291019140F6A420C2F279
:105240000000009090F800215201825804920691CB
:10525000079190F8002100EB4212126908928DF834
:10526000241090F8001100EB41118869C96902917E
:10527000019040F26430C2F2000004A901AA03AB1D
:10528000FBF71CFC0098FBF7E5FAFFE70AB080BDCE
:1052900080B582B08DF807008DF806109DF80700E4
:1052A00020B9FFE70F208DF80700FFE79DF8070002
:1052B0009DF8061040EA011140F6A420C2F2000059
:1052C00049F2C823C0F600030022FBF7E5FA02B05A
:1052D00080BD000080B584B000200390FFE70398F4
:1052E000022843D8FFE7039840F20C12C2F20002F2
:1052F000C82100FB012090F8C400C00708B9FFE7EF
:1053000030E0039840F20C12C2F200020292C8216F
:10531000019100FB012000F02FFB019B0299039AF1
:1053200002FB03105A434078895C88420DD0FFE7A6
:10533000039940F20C12C2F20002C82001FB0020C7
:105340000131C9B200F0F0FB0CE0039940F20C12FD
:10535000C2F20002C82001FB00200131C9B200F0F6
:1053600017FBFFE7039801300390B8E70020009097
:105370002E21FFF78DFF00982D21FFF789FF04B044
:1053800080BD000084B000200390FFE7039802284E
:105390006ED8FFE7039840F20C13C2F200030093AB
:1053A000C822019200FB02314FF07E504860039901
:1053B00001FB02318860039800FB023145F20000D6
:1053C000C4F2C370C1F89400039800FB02310020BE
:1053D00002900867039901FB02314867039901FBBA
:1053E0000231C867039901FB023181F8B2000399C9
:1053F00001FB02318883039901FB02314863039961
:1054000001FB023C43F23331C4F21301CCF80C101F
:10541000039901FB02310861039901FB023C002161
:10542000C4F22011CCF81410039901FB02318861F9
:10543000039951435854039901FB02314870039971
:1054400001FB023181F8B800039901FB023181F8B8
:10545000C400039901FB0231C1F8B400039901FBB8
:10546000023181F8B300FFE70398013003908DE724
:1054700004B0704780B584B0039040F6A420C2F217
:105480000000FFF7A7F8FFF77DFF40F20C11C2F212
:105490000001012081F8C40002F090FF0290062074
:1054A0000190FFE7FFF716FF02A8062102F026F899
:1054B000F8E70000B0B592B0189CDDF85CE0DDF8CC
:1054C00058C0199D1194CDF840E0CDF83CC00E9322
:1054D0000D920C910B900B9800F00F000A900B9816
:1054E0000009099000200890ADF81E00ADF81C00DE
:1054F0000D9808B1FFE75CE10B98000A092801D379
:10550000FFE756E10A9820B1FFE70A98042801D383
:10551000FFE74EE10A98013806900F98042840F002
:10552000EA80FFE709980A3801460291242800F230
:10553000E0800299DFE811F0B900DD00DD00DD0058
:10554000DD00DD00DD00DD00DD00DD00DD00DD0073
:10555000C500D100DD00DD00DD00DD00DD00DD0087
:10556000DD007600DD008B00DD00DD00A100DD0048
:10557000DD00DD00DD00DD00DD004A00DD005B0058
:105580002500069840F20C12C2F200020092C821D7
:10559000019100FB0123586B5865069800FB01231D
:1055A000199800685863069800FB012090ED0D0AD9
:1055B000FEF7E4FE009A0199069800FB012090EDA9
:1055C000021A80EE010A80ED0D0A93E0069840F27F
:1055D0000C12C2F20002C82100FB012319980068D6
:1055E000D863069800FB0121C86B086482E0069826
:1055F00040F20C12C2F20002C82100FB01231998EC
:1056000000681863069800FB012090ED022A90EDD7
:105610000C0A9FED711A81EE021A20EE010A80ED4C
:105620000C0A67E0002005901998006805909DED30
:10563000050ABDEEC00A10EE100A069940F20C13DE
:10564000C2F20003C82201FB0231487052E0002080
:1056500004901998006804909DED040ABDEEC00AFC
:1056600010EE100A069940F20C13C2F20003C82291
:1056700001FB023181F8B8003CE00020039019984A
:10568000006803909DED030AFEF778FE069840F24D
:105690000C12C2F20002C82100FB012090ED021A98
:1056A00080EE010A80ED0E0A24E0069840F20C120A
:1056B000C2F20002C82100FB012119980068486469
:1056C00018E0069840F20C12C2F20002C82100FB5A
:1056D00001211998006888640CE0069840F20C12C9
:1056E000C2F20002C82100FB012119980068C864B9
:1056F00000E0FFE75DE00F98082859D1FFE719980F
:1057000000680890069840F20C12C2F20002C8210C
:1057100000FB0123586B58659DED080A9FED261A82
:1057200080EE010A9FED251A20EE010A9FED241A52
:1057300030EE010A069800FB012090ED021A80EE7F
:10574000010A80ED0D0A19988088ADF81E00BDF998
:105750001E0000EE100AB8EEC00A9FED1A1A80EE85
:10576000010A9FED192A20EE020A9FED182A30EE59
:10577000020A069800FB012080ED0C0A1998C088E7
:10578000ADF81C00BDF91C0000EE100AB8EEC00A0E
:1057900080EE010A9FED0E1A20EE010A9FED0D1A10
:1057A00030EE010A069800FB012080ED0F0AFFE7AA
:1057B000FFE712B0B0BD00BF0000804F00409C4624
:1057C00000401CC600FF7F4700009643000016C340
:1057D0000000A042000020C20000704280B584B0EA
:1057E00003AA019282ED000A8DF80B008DF80A10D1
:1057F0009DF80B00A8B9FFE70F208DF80B009DF86E
:105800000B009DF80A1040EA011140F6A420C2F2F4
:10581000000049F2C823C0F600030022FBF73CF861
:1058200051E09DF80B00042801DBFFE74BE09DF8F9
:105830000A00242805D0FFE79DF80A002E2816D17B
:10584000FFE7019890ED000AFAF78EFE01989DF8A7
:105850000B1040F20C13C2F20003C82211FB0231FC
:1058600011ED301A20EE010A80ED000A1CE09DF8CF
:105870000A00232817D1FFE701989DF80B1040F28A
:105880000C13C2F20003C82211FB023111ED301AD1
:105890009FED0E0A80EE011A90ED000A80EE010ADB
:1058A00080ED000AFFE7FFE79DF80B009DF80A1066
:1058B00040EA011140F6A420C2F20000042203AB2A
:1058C000FAF7EAFFFFE704B080BD00BF00007042B6
:1058D00080B588B08DED070ACDED060A8DF817006A
:1058E0000020049003909DF8170028B1FFE79DF871
:1058F0001700042801DBFFE732E09DED070A9FED6A
:10590000191A30EE010A9FED181A80EE010A9FED78
:10591000171A20EE010ABCEEC00A8DED020A9DEDB9
:10592000060A9FED132A30EE020A9FED122A80EE3E
:10593000020A20EE010ABCEEC00A8DED010A0298AF
:105940000390019804909DF8170040F4647140F6AC
:10595000A420C2F20000082203ABFAF79DFFFFE784
:1059600008B080BD00001643000096430000804F41
:1059700000401C4600409C4681B00090009890F882
:10598000B80008B9FFE7FFE701B07047000000006A
:1059900080B584B003908DF80B1003980078014611
:1059A0000191032800F2AF800199DFE801F0AB32EA
:1059B000023B039890ED1C0A90ED241A30EE410A48
:1059C00010EE100A03F08CFB41EC100B9FED501B06
:1059D00050EC111BC20F51EC100B62F3DF7141EC64
:1059E000100B51EC100B9FED4E0B53EC102B03F0F2
:1059F000BEFB68B9FFE7039890ED1C0A9DF80B0009
:105A00002321FFF7EBFE0399086FC1F89000FFE731
:105A10007AE0039890ED1F0A9DF80B002221FFF712
:105A2000DDFE71E0039890F8BC00C00700285ED14D
:105A3000FFE7039890ED1D0A90ED251A30EE410A1C
:105A400010EE100A03F04CFB41EC100B9FED301BE5
:105A500050EC111BC20F51EC100B62F3DF7141ECE3
:105A6000100B51EC100B9FED2C0B53EC102B03F093
:105A700085FB68B9FFE70399486FC1F89400039864
:105A800090ED1D0A9DF80B002421FFF7A7FE2DE0E5
:105A9000039890ED1D0AB5EE400AF1EE10FA24D1FC
:105AA000FFE70398806B03F01BFB41EC100B9FEDAD
:105AB000181B50EC111BC20F51EC100B62F3DF717D
:105AC00041EC100B51EC100B9FED130B53EC102B12
:105AD00003F054FB48B9FFE7039890ED1D0A9DF8C9
:105AE0000B002421FFF77AFEFFE7FFE709E00398A8
:105AF00090ED1C0AD0ED1D0A9DF80B00FFF7E8FEA3
:105B0000FFE701E0FFE7FFE704B080BD00BF00BF93
:105B100000000000000000009A9999999999B93FF6
:105B2000000000A09999B93F80B584B003908DF82A
:105B30000B100398007801460191022817D3FFE764
:105B40000198022804D0FFE70198032807D00FE04E
:105B50000399002008670399C1F8900009E00399B0
:105B6000486B48670399486BC1F8940001E0FFE770
:105B7000FFE70398007800EE100AB8EE400A9DF89F
:105B80000B001F210091FFF729FE00999DF80B00E3
:105B9000FFF77EFB04B080BD81B08DF803009DF956
:105BA000030000280ED4FFE79DF9031001F01F0247
:105BB000012090404A094EF20011CEF2000141F856
:105BC0002200FFE701B070474EF60C50CEF2000005
:105BD0000068C0F30220704782B08DF80700009182
:105BE0009DF9070000280AD4FFE7009800019DF9FD
:105BF00007104EF20042CEF2000288540BE00098EB
:105C000000019DF8071001F00F014EF61452CEF27C
:105C100000028854FFE702B07047000082B08DF8A0
:105C2000070000919DF9070000280AD4FFE70098BB
:105C300000019DF907104EF20042CEF20002885496
:105C40000BE0009800019DF8071001F00F014EF6DF
:105C50001452CEF200028854FFE702B070470000F1
:105C600083B00290029800F0070000904EF60C51AD
:105C7000CEF200010868019001984FF6FF02104033
:105C800001900198009A40EA02200022C0F2FA52E4
:105C9000104301900198086003B0704782B00090F3
:105CA000009890F8020120B9FFE701208DF8070065
:105CB00003E000208DF80700FFE79DF8070002B021
:105CC0007047000082B00090009890F80201082808
:105CD00004D1FFE701208DF8070003E000208DF8D4
:105CE0000700FFE79DF8070002B0704780B582B05B
:105CF00000200190FCF798FAFEF7A4FCFEF734FAB6
:105D0000FEF7D2F9FEF778F9FEF716FBFEF79AFADE
:105D100000F038F8FEF7F2F900F058F8FFE7FEE778
:105D200084B003908DED020ACDED010A8DED001ACD
:105D300002980399086001980399486000980399B4
:105D4000886004B07047000085B004908DF80F1093
:105D50008DED020ACDED010A8DED001A9DF80F00C0
:105D6000049988740298049908600198049948601D
:105D70009DED000ABDEEC00A10EE100A04990881DC
:105D800005B0704782B0EFF305800190019820B113
:105D9000FFE76FF00500009014E040F2DC00C2F273
:105DA0000000006848B9FFE740F2DC01C2F20001E0
:105DB000012008600020009003E04FF0FF300090C9
:105DC000FFE7FFE7009802B07047000080B582B09F
:105DD000EFF305800190019820B1FFE76FF0050017
:105DE000009019E040F2DC00C2F2000000680128D7
:105DF0000DD1FFE7FEF70EFC40F2DC01C2F200011C
:105E00000220086001F06AFC0020009003E04FF0DF
:105E1000FF300090FFE7FFE7009802B080BD000070
:105E2000B0B58EB00B900A91099200200690EFF366
:105E300005800D900D98002840F09980FFE70B98A1
:105E4000002800F09480FFE780200790182005903C
:105E5000002008904FF0FF300490099800284DD0A2
:105E6000FFE70998006820B1FFE7099800680890EB
:105E7000FFE70998806920B1FFE7099880690590DC
:105E8000FFE7059848B1FFE70598382805D8FFE7F0
:105E900009980079C00718B1FFE700200C9069E06D
:105EA0000998406928B1FFE7099840698008079080
:105EB000FFE70998806880B1FFE70998C0685C280F
:105EC0000BD3FFE70998006938B1FFE709984069EB
:105ED00018B1FFE7012004900FE00998806858B9D5
:105EE000FFE70998C06838B9FFE70998006918B951
:105EF000FFE700200490FFE7FFE702E000200490A6
:105F0000FFE70498012817D1FFE70B980899079A33
:105F10000A9BDDF814C0DDF824E0DEF80850DEF856
:105F20001040EE46CEF80850CEF80440CEF800C03F
:105F300002F0C0F9069019E00498B0B9FFE70B9899
:105F40000899BDF81C200A9BDDF814C0EE4606AC8B
:105F5000CEF80440CEF800C002F05CF9012803D06E
:105F6000FFE700200690FFE7FFE7FFE7FFE706985F
:105F70000C90FFE70C980EB0B0BD000080B584B067
:105F80000390029144F67C70C2F200000068009019
:105F900040F22460C2F200000068043001F066F8AC
:105FA00008B9FFE700E0FFE70398013080B9FFE799
:105FB000029868B1FFE740F22460C2F20000006876
:105FC000011D44F65470C2F2000001F0F5F83DE006
:105FD0000098039908440190019840F22461C2F2AC
:105FE0000001096848600198009988420ED2FFE7D5
:105FF00040F23460C2F20000006840F22461C2F254
:1060000000010968043101F0A1F81EE040F22C60A3
:10601000C2F20000006840F22461C2F20001096887
:10602000043101F093F8019844F6E061C2F20001F6
:106030000968884207D2FFE7019844F6E061C2F29E
:106040000001086000E0FFE7FFE7FFE704B080BD64
:1060500080B582B0019001F0D7F844F2B471C2F279
:10606000000108680130086040F22460C2F20000BC
:10607000006898B9FFE7019840F22461C2F200017C
:10608000086044F2B470C2F200000068012803D135
:10609000FFE700F0F7FA00E0FFE71CE044F6487085
:1060A000C2F200000068A0B9FFE740F22460C2F22B
:1060B00000000068C06A0199C96A884207D8FFE7F2
:1060C000019840F22461C2F20001086000E0FFE79D
:1060D00000E0FFE7FFE744F2C070C2F20000016891
:1060E000013101600068019948640198C06A44F276
:1060F000C471C2F200010968884208D9FFE701981B
:10610000C06A44F2C471C2F200010860FFE701995D
:10611000C86A00EB800240F23C60C2F2000000EB73
:106120008200043101F048F801F09AF844F6487012
:10613000C2F200000068C8B1FFE740F22460C2F27A
:1061400000000068C06A0199C96A88420CD2FFE762
:106150004EF60451CEF200014FF080500860BFF3BC
:106160004F8FBFF36F8F00E0FFE700E0FFE702B063
:1061700080BD000080B584B001F046F844F6807020
:10618000C2F200000068002840D1FFE744F68060BA
:10619000C2F20000029000F0B9FF44F69460C2F22F
:1061A0000000039000F0B2FF0299039840F22862C9
:1061B000C2F20002116040F23861C2F200010860D0
:1061C00069460020086040F23052C2F2000240F2FC
:1061D000D053C2F200030A20102101F025FC014631
:1061E00044F68070C2F200000160006860B1FFE711
:1061F00044F68070C2F20000006849F2FC21C0F64B
:10620000000101F01FF900E0FFE700E0FFE701F007
:1062100027F804B080BD000080B582B0FFE744F2EB
:10622000B870C2F20000006808B3FFE700F0ECFFAE
:1062300044F66870C2F20000C068C068019001981E
:10624000043000F013FF44F2B471C2F20001086898
:106250000138086044F2B871C2F2000108680138E0
:10626000086000F0FDFF019800F08CF8D7E702B05D
:1062700080BD000080B582B0019000910198006C53
:10628000B8B1FFE70199C8680A6C1044C86001986A
:106290008168C068884204D3FFE701990868C86034
:1062A00000E0FFE70098019AD168126CFAF754F801
:1062B000FFE702B080BD000080B586B00590049174
:1062C0000392002002900598806B01900598006C65
:1062D00078B9FFE70598006848B9FFE70598806836
:1062E00002F058F9029005990020886000E0FFE76D
:1062F00041E00398B8B9FFE7059A04995068126C19
:10630000FAF72AF8059948680A6C1044486005991C
:1063100048688968884204D3FFE70599086848609F
:1063200000E0FFE726E0059A0499D068126CFAF7BE
:1063300013F80599C8680A6C801AC8600598016846
:10634000C068884206D2FFE7059988680A6C801AFF
:10635000C86000E0FFE70398022809D1FFE7019831
:1063600020B1FFE701980138019000E0FFE700E06D
:10637000FFE7FFE7FFE7019801300599886302987E
:1063800006B080BD80B582B00090009890F85900AA
:1063900040B9FFE70098006B00F088FF009800F01C
:1063A00085FF1CE0009890F85900012804D1FFE710
:1063B000009800F07BFF11E0009890F85900022847
:1063C0000BD0FFE74FF0500080F31188BFF36F8FC1
:1063D000BFF34F8F0190FFE7FEE7FFE7FFE702B053
:1063E00080BD000082B0019040F22860C2F200003F
:1063F00000680068B0FA80F04009019908600198CF
:10640000006848B9FFE740F22860C2F20000006867
:10641000C0680068009002E000200090FFE700984C
:1064200002B0704784B04FF47050009040F6A8302E
:10643000C2F2000001909DF80400400788B1FFE718
:10644000019807300190019820F007000190019A0F
:1064500040F6A831C2F200010098891A0844009061
:10646000FFE701980290029944F64C70C2F20000D6
:106470000160002141600298009A10440190019847
:1064800008380190019820F007000190019A40F22D
:106490003060C2F200000260026851600268116060
:1064A000029903910199039A891A5160006803992E
:1064B00008600398406844F6DC61C2F2000108609D
:1064C0000398406844F6D461C2F20001086044F6C3
:1064D000A861C2F200014FF00040086004B07047AC
:1064E00080B582B00190FFE7FFF796FE40F23C6076
:1064F000C2F20000006802280CD3FFE74EF60451F8
:10650000CEF200014FF080500860BFF34F8FBFF311
:106510006F8F00E0FFE7E7E780B584B0DDF818C0D3
:106520000390029101928DF80330029818B9FFE7A9
:106530000698006003E0019806990860FFE7039859
:106540000699C8630298069908640698012101F02B
:10655000F3FA9DF80300069981F84C0004B080BD61
:1065600080B588B0DDF834C0DDF830C0DDF82CC06F
:10657000DDF828C006900591049203930C98006BF7
:1065800004998900A522F9F72CFF0C98006B049957
:1065900000EB810004380290029820F0070002907E
:1065A0009DF80800400758B1FFE74FF0500080F316
:1065B0001188BFF36F8FBFF34F8F0790FFE7FEE7A0
:1065C0000598F8B1FFE700200190FFE701980F2838
:1065D00013D8FFE70598019A805C0C99114481F863
:1065E000340005980199405C08B9FFE705E0FFE732
:1065F000FFE7019801300190E8E70C99002081F84D
:10660000430004E00C99002081F83400FFE70A9869
:10661000382803D3FFE737200A9000E0FFE70A9805
:106620000C99C8620A980C99C8640C9900200090D3
:1066300008650C98043000F081FD0C98183000F0CB
:106640007DFD00980C9909610A99C1F138010C9AF5
:1066500091610C9949620C9948650C9981F8580030
:1066600002980699039A00F0D1FC0C9908600B98E7
:1066700020B1FFE70C980B99086000E0FFE708B035
:1066800080BD000080B584B000200390FFE7039830
:10669000372810D8FFE7039800EB800140F23C60F8
:1066A000C2F2000000EB810000F030FDFFE703982C
:1066B00001300390EBE744F6AC60C2F200000190B9
:1066C00000F024FD44F6C060C2F20000029000F029
:1066D0001DFD44F6F460C2F2000000F017FD44F620
:1066E0006870C2F2000000F011FD44F65470C2F26E
:1066F000000000F00BFD0199029840F22C62C2F2FA
:106700000002116040F23461C2F20001086004B07E
:1067100080BD000083B0029044F64C70C2F20000CD
:106720000190FFE7019800680299884205D2FFE7CF
:10673000FFE7019800680190F4E701980090009845
:106740000199496808440299884209D1FFE70298F3
:10675000426801994868104448600198029000E03E
:10676000FFE702980090009802994968084401994F
:106770000968884220D1FFE70198006840F2306143
:10678000C2F20001096888420DD0FFE70198006855
:10679000426802994868104448600198006800689F
:1067A0000299086007E040F23060C2F20000006821
:1067B00002990860FFE704E0019800680299086008
:1067C000FFE701980299884204D0FFE702980199F7
:1067D000086000E0FFE703B07047000080B586B0B6
:1067E000059004910392029300200190049805996A
:1067F00048600598006104980399884216D8FFE71D
:1068000003980299401A05998969884203D3FFE7E2
:106810000120019009E040F23860C2F200000068F7
:106820000599043100F092FCFFE717E00398029904
:10683000884208D2FFE704980299884203D3FFE711
:106840000120019009E040F22860C2F200000068D7
:106850000599043100F07AFCFFE7FFE7019806B0E4
:1068600080BD000080B582B0019000F0CDFC0198A1
:10687000806B18B9FFE70120009002E00020009033
:10688000FFE700F0EDFC009802B080BD80B582B05B
:10689000019000F0B9FC0198806B0199C96B8842A6
:1068A00003D1FFE70120009002E000200090FFE705
:1068B00000F0D6FC009802B080BD000008480068D7
:1068C000006880F308884FF0000080F3148862B6F7
:1068D00061B6BFF34F8FBFF36F8F00DF00BF0000C3
:1068E00008ED00E080B586B00490039140F2286086
:1068F000C2F200000068C068C068019001980430CE
:1069000000F0B4FB019890F828004007002823D538
:10691000FFE70198049B81691944039AFFF75EFF22
:10692000C0B1FFE70198049A694600230B6019463D
:1069300002F01CF80290029858B9FFE74FF050009F
:1069400080F31188BFF36F8FBFF34F8F0590FFE780
:10695000FEE700E0FFE707E0019991F8280000F06A
:10696000FE0081F82800FFE70198016A884706B019
:1069700080BD000080B58EB0FFE744F68070C2F2A3
:106980000000006807A9002201F0F0FA002800F0DA
:10699000B880FFE70798B0F1FF3F17DCFFE707A8D3
:1069A00004300290029858B9FFE74FF0500080F38E
:1069B0001188BFF36F8FBFF34F8F0D90FFE7FEE796
:1069C00002990A6848688968904700E0FFE70798DD
:1069D000002800F19580FFE7099806900698406925
:1069E00028B1FFE70698043000F040FB00E0FFE725
:1069F00005A800F0FBF8039007980190092800F221
:106A00007D800199DFE801F00505053D4566050536
:106A10003D45069991F8280040F0010081F82800D2
:106A20000698089B81691944039AFFF7D7FE30B393
:106A3000FFE70698016A8847069890F82800400703
:106A400000281AD5FFE70698089982690A44694622
:106A500000230B60194601F089FF0490049858B98F
:106A6000FFE74FF0500080F31188BFF36F8FBFF343
:106A70004F8F0C90FFE7FEE700E0FFE700E0FFE745
:106A80003DE0069991F8280000F0FE0081F828000A
:106A900035E0069991F8280040F0010081F82800BF
:106AA0000898069988610698806958B9FFE74FF001
:106AB000500080F31188BFF36F8FBFF34F8F0B909F
:106AC000FFE7FEE70698039B816919441A46FFF722
:106AD00085FE14E0069890F828008007002804D46A
:106AE000FFE7069800F0E2FB07E0069991F828001E
:106AF00000F0FE0081F82800FFE700E0FFE7FFE775
:106B00003BE70EB080BD000080B584B003900291D9
:106B100000F054FE684600F069F801900098D8BB78
:106B2000FFE7029860B9FFE703980199884207D808
:106B3000FFE701F00DFE03980199FFF7D3FE2AE06D
:106B4000029858B1FFE740F23860C2F200000068D6
:106B50000068B0FA80F040090290FFE744F68070C8
:106B6000C2F2000000680399019A891A029A00F0A3
:106B700093FC01F0EDFD60B9FFE74EF60451CEF253
:106B800000014FF080500860BFF34F8FBFF36F8F4D
:106B900000E0FFE7FFE702E001F0DAFDFFE704B005
:106BA00080BD000081B040F22C60C2F2000000689D
:106BB000006840B9FFE744F6E061C2F200014FF01F
:106BC000FF3008600FE040F22C60C2F20000006865
:106BD000C068C06800900098406844F6E061C2F266
:106BE00000010860FFE701B07047000080B582B087
:106BF000019001F0E3FB0090009840F22061C2F2A6
:106C000000010968884206D2FFE700F011F80199F7
:106C10000120086003E0019900200860FFE7009868
:106C200040F22061C2F200010860009802B080BD0D
:106C300080B588B0FFE740F22860C2F2000000682B
:106C4000006800284ED0FFE740F22860C2F2000042
:106C50000168C968096806910068C068C068039047
:106C60000398043000F002FA0398016A88470398F9
:106C700090F828004007002832D5FFE706980399CE
:106C80008969084405900598069988420FD9FFE75D
:106C90000598039948600398006140F22860C2F2A9
:106CA000000000680399043100F050FA17E00398DF
:106CB000069A694600230B60194601F057FE0290C0
:106CC000029858B9FFE74FF0500080F31188BFF3E6
:106CD0006F8FBFF34F8F0790FFE7FEE7FFE700E0FE
:106CE000FFE7A8E740F22862C2F2000210680490B1
:106CF00040F23861C2F20001086810600498086030
:106D000008B080BD83B00020009040F26400C2F261
:106D100000000068013058B1FFE74FF0500080F3E9
:106D20001188BFF36F8FBFF34F8F0290FFE7FEE72D
:106D30004FF0500080F31188BFF36F8FBFF34F8F78
:106D40000190FFE7009808B9FFE7FBE703B0704741
:106D500080B584B00390FFE701A8FFF743FB0290E2
:106D600002980199FFF7D0FEFFF704FEF4E7000058
:106D700080B582B0019000F047FA019890F8450084
:106D80008DF80300FFE79DF90300012816DBFFE7FC
:106D90000198406A58B1FFE70198243001F070FC77
:106DA00018B1FFE700F046FC00E0FFE700E005E077
:106DB0009DF8030001388DF80300E4E70199FF20F6
:106DC00081F8450000F04CFA00F01EFA019890F8A6
:106DD00044008DF80200FFE79DF90200012816DB50
:106DE000FFE70198006980B1FFE70198103001F0DA
:106DF00047FC18B1FFE700F01DFC00E0FFE79DF83D
:106E0000020001388DF8020000E000E0E4E701999B
:106E1000FF2081F8440000F023FA02B080BD00009A
:106E200080B58AB006900020029000F0C7FC40F2C6
:106E30003060C2F20000006818B9FFE7FFF7F2FA0D
:106E400000E0FFE7069844F6A861C2F20001096875
:106E5000084240F0C580FFE7069800B3FFE70698B8
:106E6000083006909DF818004007B0B1FFE706987B
:106E700020F00700083006909DF81800400758B130
:106E8000FFE74FF0500080F31188BFF36F8FBFF31F
:106E90004F8F0990FFE7FEE700E0FFE700E0FFE724
:106EA0000698002800F09A80FFE7069844F6D4611F
:106EB000C2F200010968884200F29080FFE744F6C0
:106EC0004C70C2F20000049000680590FFE705983E
:106ED0004168069A00209142019007D2FFE7059889
:106EE0000068002818BF01200190FFE70198C00743
:106EF00030B1FFE705980490059800680590E6E733
:106F0000059840F23061C2F200010968884263D0FE
:106F1000FFE704980068083002900598006804991B
:106F20000860059840680699401A112821D3FFE7A8
:106F300005980699084403909DF80C00400758B145
:106F4000FFE74FF0500080F31188BFF36F8FBFF35E
:106F50004F8F0890FFE7FEE7059840680699401AB2
:106F6000039948600698059948600398FFF7D2FB9B
:106F700000E0FFE70598426844F6D460C2F20000E2
:106F80000168891A0160006844F6DC61C2F2000100
:106F9000096888420BD2FFE744F6D460C2F20000D1
:106FA000006844F6DC61C2F20001086000E0FFE71F
:106FB00044F6A860C2F200000268059948681043D0
:106FC000486005990020086044F6E861C2F20001BB
:106FD00008680130086000E0FFE700E0FFE700E03C
:106FE000FFE701F0B5FB9DF80800400758B1FFE747
:106FF0004FF0500080F31188BFF36F8FBFF34F8FB6
:107000000790FFE7FEE702980AB080BD83B00290C8
:107010000191009202980438029002994FF080701A
:107020000860029804380290019820F0010002994B
:107030000860029804380290029946F60550C0F69E
:1070400000000860029814380290009802990860C5
:1070500002980438029002996FF0020008600298CA
:1070600020380290029803B07047000082B001906F
:1070700001980069009001984168806888600199D2
:10708000486889684860009840680199884205D13D
:10709000FFE7019880680099486000E0FFE70199E8
:1070A00000200861009908680138086000980068AD
:1070B00002B0704783B0029001910092029944F6A9
:1070C000C810C2F200000860019944F2C870C2F210
:1070D0000000086000998020086003B0704700003D
:1070E00083B0029001910092029944F62460C2F2AA
:1070F00000000860019944F62420C2F200000860F4
:1071000000994FF48070086003B0704781B0009020
:10711000009901F10800486000994FF0FF30886045
:10712000009901F10800C860009901F108000861A8
:1071300000990020086001B07047000081B0009005
:1071400000990020086101B07047000084B00390EE
:1071500002910298006800900098013020B9FFE782
:1071600003980069019010E0039808300190FFE750
:107170000198406800680099884205D8FFE7FFE75A
:10718000019840680190F3E7FFE701984068029991
:107190004860029841688860019802998860029866
:1071A00001994860039802990861039908680130C1
:1071B000086004B07047000083B00290019102980B
:1071C0004068009000980199486000988068019993
:1071D00088600198009989684860019800998860E2
:1071E000029801990861029908680130086003B0AB
:1071F00070470000DFF80C00016841F47001016085
:107200007047000088ED00E082B04FF0500080F33E
:107210001188BFF36F8FBFF34F8F019040F264006E
:10722000C2F200000168013101600068012814D138
:10723000FFE74EF60450CEF200000068000658B199
:10724000FFE74FF0500080F31188BFF36F8FBFF35B
:107250004F8F0090FFE7FEE7FFE702B070470000A6
:1072600082B040F26400C2F20000006858B9FFE743
:107270004FF0500080F31188BFF36F8FBFF34F8F33
:107280000090FFE7FEE740F26400C2F200000168F0
:1072900001390160006830B9FFE7002001900198D2
:1072A00080F31188FFE702B07047000080B586B018
:1072B000039003980290039800285CD0FFE702989F
:1072C00008380290029801900198406844F6A8613D
:1072D000C2F20001096808420BD1FFE74FF05000ED
:1072E00080F31188BFF36F8FBFF34F8F0590FFE7D7
:1072F000FEE70198006858B1FFE74FF0500080F3B7
:107300001188BFF36F8FBFF34F8F0490FFE7FEE745
:107310000198406844F6A861C2F200010968084279
:1073200027D0FFE70198006808BBFFE744F6A86094
:10733000C2F200000268019948689043486000F07A
:107340003DFA0198426844F6D461C2F2000108682F
:10735000104408600198FFF7DDF944F6EC61C2F2D1
:10736000000108680130086001F0F2F900E0FFE771
:1073700000E0FFE7FFE706B080BD00004EF210011D
:10738000CEF20001002008604EF21802CEF2000298
:10739000106040F25800C2F20000006844F6D35278
:1073A000C1F26202A0FB02024FF0FF3000EB92102C
:1073B0004EF21402CEF200021060072008607047FF
:1073C00084B0EFF305800190019810281ED3FFE7E9
:1073D00001984EF2F031CEF20001405C8DF80300CE
:1073E0009DF8030044F2A871C2F2000109788842B6
:1073F0000BDAFFE74FF0500080F31188BFF36F8F77
:10740000BFF34F8F0390FFE7FEE7FFE74EF60C5008
:10741000CEF20000006800F4E06044F2AC71C2F209
:107420000001096888420BD9FFE74FF0500080F354
:107430001188BFF36F8FBFF34F8F0290FFE7FEE716
:1074400004B0704783B00290019100200090FFE7E4
:10745000009807281DD8FFE7009944F60870C2F28B
:10746000000050F8310070B9FFE70198009A44F627
:107470000871C2F2000141F832000298009A01EB53
:10748000C201486005E0FFE7FFE700980130009087
:10749000DEE703B07047000080B584B0039002912E
:1074A000019203980090FFF7AFFE009890F9440016
:1074B000013028B9FFE70099002081F84400FFE778
:1074C000009890F94500013028B9FFE700990020A5
:1074D00081F84500FFE7FFF7C3FE0098806B38B9DD
:1074E000FFE7009824300299019A00F0CDF800E0FF
:1074F000FFE70098FFF73CFC04B080BD80B58AB080
:107500000690059100200290069858B9FFE74FF0C9
:10751000500080F31188BFF36F8FBFF34F8F099036
:10752000FFE7FEE7059858B9FFE74FF0500080F3FA
:107530001188BFF36F8FBFF34F8F0890FFE7FEE70F
:1075400044F2BC70C2F20000006858B1FFE74FF08F
:10755000500080F31188BFF36F8FBFF34F8F0790F8
:10756000FFE7FEE700F02AF944F67C70C2F2000063
:1075700000680190069800680599084404900198F5
:1075800006990968884210D2FFE7049806990968AD
:10759000884208D2FFE704980199884203D9FFE79F
:1075A0000120029000E0FFE70FE0049806990968C7
:1075B000884205D3FFE704980199884203D9FFE781
:1075C0000120029000E0FFE7FFE7049806990860B9
:1075D000029838B1FFE704980199401A0021FEF79C
:1075E000CDFC00E0FFE701F0B3F80390039860B929
:1075F000FFE74EF60451CEF200014FF080500860D4
:10760000BFF34F8FBFF36F8F00E0FFE70AB080BD7D
:1076100081B0009044F6E460C2F200000068009976
:10762000086044F67C70C2F200000068009948606F
:1076300001B0704744F68871C2F200010120086071
:107640007047000080B584B002900191029858B94B
:10765000FFE74FF0500080F31188BFF36F8FBFF347
:107660004F8F0390FFE7FEE7029840F22461C2F2D9
:10767000000109681831FFF769FD01980121FEF743
:107680007DFC04B080BD000080B584B00290019103
:107690000092029858B9FFE74FF0500080F311882C
:1076A000BFF36F8FBFF34F8F0390FFE7FEE70298A2
:1076B00040F22461C2F2000109681831FFF77CFD35
:1076C000009820B1FFE74FF0FF300190FFE70198ED
:1076D0000099FEF753FC04B080BD000080B58AB06D
:1076E000002003900690059006A805A904AAFFF7BC
:1076F000E1FC039B049A0599DDF818C06846C0F8C0
:1077000008C04160036046F2E140C0F6000049F263
:10771000F721C0F6000100F0CDFD014644F6D86027
:10772000C2F200000160006818B1FFE70120079075
:1077300002E000200790FFE70798012804D1FFE747
:1077400001F0CAF8079000E0FFE70798012823D16D
:10775000FFE74FF0500080F31188BFF36F8FBFF346
:107760004F8F099044F6E061C2F200014FF0FF3004
:10777000086044F64871C2F200010120086044F636
:107780007C71C2F200010020086000F083F808B1AB
:10779000FFE700E0FFE70FE00798013058B9FFE787
:1077A0004FF0500080F31188BFF36F8FBFF34F8FFE
:1077B0000890FFE7FEE7FFE70AB080BD44F2BC7126
:1077C000C2F20001086801300860704783B044F2DB
:1077D000BC70C2F20000006838B1FFE744F688715F
:1077E000C2F200010120086051E044F68871C2F243
:1077F00000010020086044F2C470C2F2000000687A
:107800000190FFE7019800EB800140F23C60C2F27A
:10781000000050F8210090B9FFE7019858B9FFE740
:107820004FF0500080F31188BFF36F8FBFF34F8F7D
:107830000290FFE7FEE7019801380190E2E7019826
:1078400000EB800140F23C60C2F2000000EB8100DE
:10785000009000994868406848600099486808317D
:10786000884205D1FFE70099486840684860FFE713
:1078700000984068C06840F22461C2F200010860CC
:10788000019844F2C471C2F200010860FFE703B03E
:107890007047000080B588B04EF60050CEF2000070
:1078A00000684CF27121C4F20F1188420BD1FFE73E
:1078B0004FF0500080F31188BFF36F8FBFF34F8FED
:1078C0000790FFE7FEE74EF60050CEF2000000689A
:1078D0004CF27021C4F20F1188420BD1FFE74FF038
:1078E000500080F31188BFF36F8FBFF34F8F069066
:1078F000FFE7FEE74EF20040CEF200000390017871
:107900000491FF21017000788DF80B009DF80B00A9
:1079100000F0500044F2A871C2F20001087044F275
:10792000AC71C2F2000107200860FFE79DF80B0070
:10793000000600280DD5FFE744F2AC71C2F2000149
:107940000868013808609DF80B0040008DF80B00B6
:10795000ECE744F2AC70C2F20000006803280BD0E0
:10796000FFE74FF0500080F31188BFF36F8FBFF334
:107970004F8F0590FFE7FEE744F2AC71C2F20001C1
:10798000086800020860086800F4E0600860049875
:107990004EF20041CEF2000108704EF62051CEF2B8
:1079A0000001086840F470000860086840F070400A
:1079B0000860FFF7E3FC40F26401C2F2000100201E
:1079C00001900860FFF716FC4EF63471CEF200010C
:1079D000086840F040400860FEF770FFFFF7F6FED1
:1079E000FFF790F9019808B080BD000080B582B023
:1079F0004FF0500080F31188BFF36F8FBFF34F8FAC
:107A0000009000F0E5FC40B1FFE74EF60451CEF2E5
:107A100000014FF080500860FFE7002001900198BE
:107A200080F3118802B080BD80B590B08446129872
:107A3000CDF828C00991089207938DF81B000A9889
:107A400058B9FFE74FF0500080F31188BFF36F8FF4
:107A5000BFF34F8F0F90FFE7FEE7079858B9FFE796
:107A60004FF0500080F31188BFF36F8FBFF34F8F3B
:107A70000E90FFE7FEE708990020039031B1FFE781
:107A80000998B0FA80F040090390FFE70398C00717
:107A900058B1FFE74FF0500080F31188BFF36F8FAC
:107AA000BFF34F8F0D90FFE7FEE70899002002908B
:107AB00031B9FFE70998002818BF01200290FFE7BD
:107AC0000298C00758B1FFE74FF0500080F31188CB
:107AD000BFF36F8FBFF34F8F0C90FFE7FEE750208F
:107AE0000490049850280BD0FFE74FF0500080F32B
:107AF0001188BFF36F8FBFF34F8F0B90FFE7FEE747
:107B0000049807980590059888B1FFE7059901202A
:107B100081F846000A980999089A9DF81B30DDF80B
:107B200014C0EE46CEF800C0FEF7F6FC00E0FFE71A
:107B3000059810B080BD000080B584B0029001911E
:107B400002980090009858B9FFE74FF0500080F37A
:107B50001188BFF36F8FBFF34F8F0390FFE7FEE7EE
:107B6000FFF752FB00990B68C86B0A6C00FB0230F0
:107B7000886000990020886300990868486000992F
:107B80000B68C86B0A6C013800FB0230C8600099B2
:107B9000FF2081F84400009981F845000198D0B990
:107BA000FFE700980069A0B1FFE70098103000F0EF
:107BB00067FD60B1FFE74EF60451CEF200014FF0D1
:107BC00080500860BFF34F8FBFF36F8F00E0FFE777
:107BD00000E0FFE708E000981030FFF797FA009800
:107BE0002430FFF793FAFFE7FFF73AFB012004B0D8
:107BF00080BD000080B592B00C900B910A92099361
:107C0000002008900C980490049858B9FFE74FF0B2
:107C1000500080F31188BFF36F8FBFF34F8F119027
:107C2000FFE7FEE70B990020039039B9FFE70498BE
:107C3000006C002818BF01200390FFE70398C007DD
:107C400058B1FFE74FF0500080F31188BFF36F8FFA
:107C5000BFF34F8F1090FFE7FEE70999002002293C
:107C6000029007D1FFE70498C06B013818BF0120CC
:107C70000290FFE70298C00758B1FFE74FF05000AD
:107C800080F31188BFF36F8FBFF34F8F0F90FFE723
:107C9000FEE700F077FB01460020019031B9FFE7D5
:107CA0000A98002818BF01200190FFE70198C0073B
:107CB00058B1FFE74FF0500080F31188BFF36F8F8A
:107CC000BFF34F8F0E90FFE7FEE7FFE7FFF79CFA49
:107CD0000498806B0499C96B884204D3FFE7099824
:107CE000022834D1FFE704980B99099AFEF7E4FAC9
:107CF00007900498406AA0B1FFE70498243000F090
:107D0000BFFC60B1FFE74EF60451CEF200014FF028
:107D100080500860BFF34F8FBFF36F8F00E0FFE725
:107D200010E0079860B1FFE74EF60451CEF2000173
:107D30004FF080500860BFF34F8FBFF36F8F00E0AC
:107D4000FFE7FFE7FFF78CFA01200D9065E00A9846
:107D500028B9FFE7FFF784FA00200D905DE008984E
:107D600030B9FFE705A8FFF753FC0120089000E0B9
:107D7000FFE7FFE7FFE7FFF773FAFFF71FFDFFF7E6
:107D800043FA049890F94400013028B9FFE70499B8
:107D9000002081F84400FFE7049890F94500013085
:107DA00028B9FFE70499002081F84500FFE7FFF7B5
:107DB00057FA05A80AA900F0C7F928BBFFE70498FD
:107DC000FEF764FDC8B1FFE7049810300A99FFF789
:107DD00039FC0498FEF7CCFF00F0BAFC60B9FFE76D
:107DE0004EF60451CEF200014FF080500860BFF310
:107DF0004F8FBFF36F8FFFE705E00498FEF7B8FFE2
:107E000000F0A6FCFFE707E00498FEF7B1FF00F0E2
:107E10009FFC00200D9000E058E70D9812B080BD47
:107E200080B592B00B900A91099208930B98059037
:107E3000059858B9FFE74FF0500080F31188BFF361
:107E40006F8FBFF34F8F0E90FFE7FEE70A99002078
:107E5000029039B9FFE70598006C002818BF01208F
:107E60000290FFE70298C00758B1FFE74FF05000BB
:107E700080F31188BFF36F8FBFF34F8F0D90FFE733
:107E8000FEE7089900200229019007D1FFE7059835
:107E9000C06B013818BF01200190FFE70198C007AF
:107EA00058B1FFE74FF0500080F31188BFF36F8F98
:107EB000BFF34F8F0C90FFE7FEE7FFF781FAEFF378
:107EC00011814FF0500080F31188BFF36F8FBFF323
:107ED0004F8F10910F90109806900598806B059920
:107EE000C96B884204D3FFE70898022833D1FFE723
:107EF000059890F845008DF813000598806B039065
:107F000005980A99089AFEF7D7F99DF913000130F0
:107F1000B8B9FFE70598406A88B1FFE705982430B3
:107F200000F0AEFB48B1FFE7099820B1FFE70999DF
:107F30000120086000E0FFE700E0FFE700E0FFE766
:107F400006E09DF813000130059981F84500FFE730
:107F50000120079002E000200790FFE706981190AB
:107F6000119880F31188079812B080BD80B58EB04B
:107F700009900891079200200690099803900398B1
:107F800058B9FFE74FF0500080F31188BFF36F8FAF
:107F9000BFF34F8F0D90FFE7FEE708990020019097
:107FA00039B9FFE70398006C002818BF0120019041
:107FB000FFE70198C00758B1FFE74FF0500080F38A
:107FC0001188BFF36F8FBFF34F8F0C90FFE7FEE771
:107FD00000F0D8F901460020009031B9FFE707987A
:107FE000002818BF01200090FFE70098C00758B193
:107FF000FFE74FF0500080F31188BFF36F8FBFF39E
:108000004F8F0B90FFE7FEE7FFE7FFF7FDF80398C0
:10801000806B0290029830B3FFE703980899FEF74F
:1080200029F9029801380399886303980069A0B17F
:10803000FFE70398103000F023FB60B1FFE74EF636
:108040000451CEF200014FF080500860BFF34F8F13
:10805000BFF36F8F00E0FFE700E0FFE7FFF700F9F5
:1080600001200A906DE0079828B9FFE7FFF7F8F8BC
:1080700000200A9065E0069830B9FFE704A8FFF7F2
:10808000C7FA0120069000E0FFE7FFE7FFE7FFF7F0
:10809000E7F8FFF793FBFFF7B7F8039890F9440070
:1080A000013028B9FFE70399002081F84400FFE779
:1080B000039890F94500013028B9FFE703990020A3
:1080C00081F84500FFE7FFF7CBF804A807A900F007
:1080D0003BF830BBFFE70398FEF7C4FBD0B1FFE7E6
:1080E000039824300799FFF7ADFA0398FEF740FE96
:1080F00000F02EFB60B9FFE74EF60451CEF200010E
:108100004FF080500860BFF34F8FBFF36F8F00E0D8
:10811000FFE705E00398FEF72BFE00F019FBFFE7F1
:108120000EE00398FEF724FE00F012FB0398FEF722
:1081300099FB18B1FFE700200A9002E0FFE7FFE794
:1081400063E70A980EB080BD80B588B005900491B1
:10815000059858B9FFE74FF0500080F31188BFF33E
:108160006F8FBFF34F8F0790FFE7FEE7049858B972
:10817000FFE74FF0500080F31188BFF36F8FBFF31C
:108180004F8F0690FFE7FEE7FFF73EF844F67C705E
:10819000C2F2000000680290029805994968401AEE
:1081A000019004980068013018B9FFE7002003909F
:1081B0002BE044F6E460C2F200000068059909680B
:1081C000884209D0FFE7029805994968884203D39D
:1081D000FFE70120039017E001980499096888429D
:1081E0000BD2FFE7019A04990868801A0860059885
:1081F000FFF70EFA0020039005E0049900200860C4
:1082000001200390FFE7FFE7FFE7FFF729F8039856
:1082100008B080BD70B58CB0DDF844C0DDF840C05A
:108220000B900A91ADF826200893BDF82600800037
:10823000FEF7F6FD0590059880B1FFE75C20FEF79C
:10824000EFFD0790079820B1FFE7059807990863AD
:1082500003E00598FFF72AF8FFE702E00020079007
:10826000FFE70798F0B1FFE70798002680F859600C
:108270000B980A99BDF82620089BDDF840C0119C98
:10828000079DEE46CEF80C60CEF80850CEF80440BC
:10829000CEF800C0FEF764F90798FDF7D9FE01207B
:1082A000069003E04FF0FF300690FFE706980CB011
:1082B00070BD0000B0B58EB0DDF850C0DDF84CC028
:1082C000DDF848C00A90099108920793139858B9AD
:1082D000FFE74FF0500080F31188BFF36F8FBFF3BB
:1082E0004F8F0D90FFE7FEE7149858B9FFE74FF066
:1082F000500080F31188BFF36F8FBFF34F8F0C9046
:10830000FFE7FEE75C20049004985C280BD0FFE7B1
:108310004FF0500080F31188BFF36F8FBFF34F8F82
:108320000B90FFE7FEE70498149820B3FFE713983B
:1083300008B3FFE714980690139806990863069906
:10834000022081F859000A980999089A079BDDF8DC
:1083500048C0069CEE460025CEF80C50CEF80840EA
:1083600005ACCEF80440CEF800C0FEF7F9F8069848
:10837000FDF76EFE02E000200590FFE705980EB0C5
:10838000B0BD000081B044F64870C2F20000006841
:1083900018B9FFE7012000900DE044F2BC70C2F272
:1083A0000000006818B9FFE70220009002E00020FA
:1083B0000090FFE7FFE7009801B0704781B044F6F6
:1083C0007C70C2F2000000680090009801B0704715
:1083D00080B586B00020029044F2BC70C2F200006A
:1083E0000068002840F0CB80FFE744F67C71C2F2C1
:1083F000000108680130019001980860019858BB9D
:10840000FFE740F22C60C2F200000068006858B13B
:10841000FFE74FF0500080F31188BFF36F8FBFF379
:108420004F8F0590FFE7FEE740F22C62C2F2000298
:108430001068009040F23461C2F2000108681060D8
:108440000098086044F6E461C2F200010868013057
:108450000860FEF7A7FB00E0FFE7019844F6E06143
:10846000C2F200010968884268D3FFE7FFE740F2E3
:108470002C60C2F200000068006840B9FFE744F6D3
:10848000E061C2F200014FF0FF30086055E040F2B9
:108490002C60C2F200000068C068C06804900498B4
:1084A0004068039001980399884207D2FFE7039838
:1084B00044F6E061C2F2000108603EE0FFE7049884
:1084C0000430FEF7D3FD0498806A28B1FFE70498D2
:1084D0001830FEF7CBFD00E0FFE70498C06A44F2D5
:1084E000C471C2F200010968884208D9FFE7049804
:1084F000C06A44F2C471C2F200010860FFE7049947
:10850000C86A00EB800240F23C60C2F2000000EB5F
:1085100082000431FEF750FE0498C06A40F22461E4
:10852000C2F200010968C96A884203D3FFE701204B
:10853000029000E0FFE7FFE799E7FFE740F22460E1
:10854000C2F200000068C06A00EB800140F23C60AB
:10855000C2F2000050F82100022803D3FFE70120F7
:10856000029000E0FFE744F68870C2F20000006865
:1085700018B1FFE70120029000E0FFE707E044F6B2
:10858000F061C2F20001086801300860FFE702985C
:1085900006B080BD80B586B003900398029000209D
:1085A00001900398002867D0FFE7029840F2246109
:1085B000C2F20001096888420BD0FFE74FF050007B
:1085C00080F31188BFF36F8FBFF34F8F0590FFE7E4
:1085D000FEE70298006D58B9FFE74FF0500080F3B6
:1085E0001188BFF36F8FBFF34F8F0490FFE7FEE753
:1085F0000299086D013808650299C86AC96C8842F9
:1086000038D0FFE70298006D90BBFFE70298043076
:10861000FEF72CFD08B9FFE700E0FFE70299C86C00
:10862000C8620299C86AC0F1380088610298C06ABD
:1086300044F2C471C2F200010968884208D9FFE718
:108640000298C06A44F2C471C2F200010860FFE7F8
:108650000299C86A00EB800240F23C60C2F200005E
:1086600000EB82000431FEF7A7FD0120019000E03D
:10867000FFE700E0FFE700E0FFE7019806B080BDFC
:1086800080B584B002900298C068C06801900198DB
:1086900058B9FFE74FF0500080F31188BFF36F8F98
:1086A000BFF34F8F0390FFE7FEE701981830FEF706
:1086B000DDFC44F2BC70C2F20000006820BBFFE7A2
:1086C00001980430FEF7D2FC0198C06A44F2C471EC
:1086D000C2F200010968884208D9FFE70198C06A20
:1086E00044F2C471C2F200010860FFE70199C86A50
:1086F00000EB800240F23C60C2F2000000EB82001E
:108700000431FEF759FD09E0019800F1180144F623
:10871000F460C2F20000FEF74FFDFFE70198C06A67
:1087200040F22461C2F200010968C96A884208D98E
:10873000FFE70120009044F68871C2F20001086052
:1087400002E000200090FFE7009804B080BD000028
:1087500080B584B000200290019044F2BC70C2F257
:108760000000006858B9FFE74FF0500080F311880F
:10877000BFF36F8FBFF34F8F0390FFE7FEE7FEF766
:1087800043FD44F2BC70C2F200000168013901608F
:108790000068002840F09980FFE744F2B470C2F20C
:1087A00000000068002800F08F80FFE7FFE744F634
:1087B000F460C2F200000068002842D0FFE744F6EF
:1087C000F460C2F20000C068C068029002981830DD
:1087D000FEF74CFC02980430FEF748FC0298C06A91
:1087E00044F2C471C2F200010968884208D9FFE767
:1087F0000298C06A44F2C471C2F200010860FFE747
:108800000299C86A00EB800240F23C60C2F20000AC
:1088100000EB82000431FEF7CFFC0298C06A40F200
:108820002461C2F200010968C96A884207D3FFE7E0
:1088300044F68871C2F200010120086000E0FFE701
:10884000B5E7029818B1FFE7FEF7ACF9FFE744F689
:10885000F060C2F20000006800900098E0B1FFE70D
:10886000FFE7FFF7B5FD38B1FFE744F68871C2F2C4
:1088700000010120086000E0FFE700980138009047
:10888000FFE700980028ECD1FFE744F6F061C2F260
:1088900000010020086000E0FFE744F68870C2F2A3
:1088A0000000006870B1FFE7012001904EF604510E
:1088B000CEF200014FF080500860BFF34F8FBFF33E
:1088C0006F8F00E0FFE7FFE700E0FFE7FEF7C8FC7F
:1088D000019804B080BD000080B58AB000200890E7
:1088E000FDF748FC44F68070C2F20000006858B3FF
:1088F000FFE7002004900790069007A806A905AAA4
:10890000FEF7EEFB049B059A0698DDF81CC069464D
:10891000C1F808C048600220086046F65150C0F611
:10892000000049F20131C0F60001FFF7C3FC014627
:1089300044F68470C2F200000160006818B1FFE7DD
:1089400001200890FFE700E0FFE7089858B9FFE72B
:108950004FF0500080F31188BFF36F8FBFF34F8F3C
:108960000990FFE7FEE708980AB080BD80B58AB09D
:10897000DDF830C00890079106920593002004901E
:10898000089858B9FFE74FF0500080F31188BFF303
:108990006F8FBFF34F8F0990FFE7FEE744F68070BB
:1089A000C2F200000068A8B3FFE70798009006989D
:1089B000019008980290079805281EDCFFE7FFF752
:1089C000E1FC02280CD1FFE744F68070C2F20000FF
:1089D00000680C9A69460023FFF70CF904900BE03D
:1089E00044F68070C2F200000068694600231A460F
:1089F000FFF700F90490FFE70BE044F68070C2F245
:108A000000000068059A69460023FFF709FA049000
:108A1000FFE700E0FFE704980AB080BD21F00042C4
:108A200001F00043A2F16052B2F5801F28BFD2F1DD
:108A30007F6C0BD95FEA001C43EAC20242EB507024
:108A400018BF704728BF20F001007047B2F5801FA3
:108A5000BCBF184670474FEA410C1CF5001F02D2FC
:108A6000084600F0E5BB70B500F0E6FA00000089AA
:108A7000FFF7F6BF4FF00040A0F5800070474910A7
:108A800058BFC1F140415B1058BFC3F140438B4216
:108A9000EFF30080704700002DE9C04130B4DFF8EB
:108AA000A4C23CEA111418BF3CEA131400F0ED8094
:108AB0001CEA111481EA030544EAD57418BF1CEAC4
:108AC000131500F0C880A4EB050404F17F7404F5CD
:108AD00000344FF0004545EAC12145EAC32341EA8D
:108AE000505143EA52534FEAC0204FEAC222994202
:108AF00008BF904200F09D804FEA13650FF24416C4
:108B0000765D4FEA134506FB05F7C7F1807706FB54
:108B100007F74FEAD737A7FB03687642A7FB06CED5
:108B2000C8F5803838BFA8F1010807FB08E6A6FBA6
:108B3000028C4FF0000EE6FB03CEDCF1000CCEF110
:108B4000004E38BFAEF1010EA6FB0C584FF00007E7
:108B5000E6FB0E87A1FB08C6A0FB07CE16EB0E06B0
:108B60004FF0000545F10005E1FB076515F1E04E0A
:108B70007EBFA4F580345FEA46066D4116F180079A
:108B800045F100054FEA172747EA05674FEA152523
:108B90004FEA0666A6F1DE46B6F1805F20D9384678
:108BA00005EBC47124F0010C01EB0C11BCF1FE6F5C
:108BB00002D8F0BCBDE8008124425CBF01F5801EF4
:108BC0009EEAC47F02D4F0BCBDE80081244200F1DB
:108BD0003980A1F1C041F0BCBDE8004100F07ABA93
:108BE0004FEAD02040EA41504FEAD1214FEAD22249
:108BF00042EA43524FEAD323A7FB028607FB0366F0
:108C000005FB02661EEA0E0F58BFA6EB0056B6EB38
:108C100000564FEA520E4EEAC37E18EB0E0E56EB8C
:108C2000530EBCD518EB02085E417F1C55F10005C0
:108C3000B5E74FF480154FF000074FF000064FF0F6
:108C40000008ACE701F1C04101F000414FF0000025
:108C5000F0BCBDE800810CEA131511EA0C1F00D02E
:108C60000CE013EA0C1F00F026804FF0000081EAB0
:108C7000030101F00041F0BCBDE80081F0BCBDE89B
:108C8000004181EA030100F025BAF0BCBDE80041D3
:108C900070B500F0D1F900BF097EFC3E00F007B8C6
:108CA0004FF0000081EA030101F00041704781EAC2
:108CB000030100F00FBAF0BCBDE8004122494FF0BB
:108CC00000007047FFFDFBF9F7F5F4F2F0EEEDEB75
:108CD000E9E8E6E4E3E1E0DEDDDBDAD8D7D5D4D3BA
:108CE000D1D0CFCDCCCBCAC8C7C6C5C4C2C1C0BF06
:108CF000BEBDBCBBBAB9B8B7B6B5B4B3B2B1B0AF0C
:108D0000AEADACABAAA9A8A8A7A6A5A4A3A3A2A1EF
:108D1000A09F9F9E9D9C9C9B9A99999897979695AA
:108D200095949393929191908F8F8E8E8D8C8C8B46
:108D30008B8A8989888887878685858484838382CE
:108D4000828181800000FF070000F87F51EA030C58
:108D500017D41CF5801F58BFBCF5801F00F106809A
:108D6000994218BF704708BF9042704707D711F566
:108D7000801F58BF13F5801F19D49942704789424C
:108D800070471CF5801F08D5BCF5801FF7D58B42B6
:108D900018BF704708BF824270474FF4001C1CEB9D
:108DA000410F38BF1CEB430F01D28B42704770B5A7
:108DB00000F042F9922449004FF000514FF08053E7
:108DC000FFF75DBE10F0004248BF4042B0FA80F3AA
:108DD00010FA03F10AD0C3F11D0303F5806302EB1F
:108DE00003524FEA415002EBD12170474FF000008F
:108DF0007047000051EA030C17D41CF5801F58BFC0
:108E0000BCF5801F00F10680994218BF704708BF6B
:108E10009042704707D711F5801F58BF13F5801F88
:108E200019D499427047894270471CF5801F08D5B4
:108E3000BCF5801FF7D58B4218BF704708BF824230
:108E400070474FF4001C1CEB410F38BF1CEB430F65
:108E500001D28B42704770B500F0EEF892244900C1
:108E60004FF080514FF00053FFF709BE51EA030C59
:108E700017D41CF5801F58BFBCF5801F00F1068079
:108E8000994218BF704708BF9042704707D711F545
:108E9000801F58BF13F5801F19D49942704789422B
:108EA00070471CF5801F08D5BCF5801FF7D58B4295
:108EB00018BF704708BF824270474FF4001C1CEB7C
:108EC000410F38BF1CEB430F01D28B42704770B586
:108ED00000F0B2F8922449004FF000514FF0805357
:108EE000FFF7CDBD70B5DFF848C11CEA111E1EBFEB
:108EF0001CEA13159EEA0C0F95EA0C0F00F06F8028
:108F000081EA03044EEAD47EAE4421EA4C1123EAFE
:108F10004C1341F4801143F48013AEF17F7EA1FB2A
:108F2000024CA0FB0365361955EB0C05A1FB034C65
:108F30004CF10003A0FB021C16EB0C06654153F13B
:108F40000003094218BF46F0010613F4007F0BD15D
:108F50004FEA03314FEA053041EA155140EA165015
:108F600034036FF003020AE04FEAC3214FEAC52041
:108F700041EA555140EA5650F4026FF0020202EB0A
:108F80002E4201EB025585EACE710AD05FEA440C0D
:108F900018BF24F0004450F1000041F1000120EA24
:108FA000D47040F2FE7C624500D270BDA84214BF6E
:108FB0004FF080444FF04044002E08BF0024BEF123
:108FC000806FA8BFA1F1C041BDE8704080F28280EF
:108FD00001F1C04101F000414FF0000070470CEA80
:108FE00013159EEA0C0F18BF95EA0C0F06D081EA04
:108FF000030E4FF000000EF0004170BD00F01CF8B1
:109000008900013E00F007B800F009B84FEA430CB0
:109010005FEA5C5C08D081EA030100F05BB84FEACC
:10902000410C5FEA5C5CF6D102494FF000007047EA
:109030000000FF070000F87F0EF1020E2EF0030E75
:109040005EF8046B364205D4012A43EB030515F59F
:10905000001F12D8012841EB010C1CF5001F0CD891
:109060000ED14FEAD17C0CEB4C0C0CF1020C15F537
:10907000001F08BF4CEBD37C04E04FF0080C01E06C
:109080004FEAD37C0CEB4C0526FA05F606F00706F2
:10909000B6F1040C06D20EEB860CBDE870404CF025
:1090A000010C6047DFE80CF0090B02024FF00041B1
:1090B000A1F500214FF0000070BD194610460128AF
:1090C00051EB010418BFD4F5001484BF002001F057
:1090D000004170BD0808A0F500114FEA310170474A
:1090E00043004FEAD30C4FEA3C0C43401FBF4007FC
:1090F0000CF1605113F0FE4F70471CF0006F03D16C
:109100000CF00041002070470CF0004343EA50701F
:1091100040EACC0010B500F038F800BF0000009223
:109120004FEA0001FFF7D6BF4FF00041A1F5002143
:109130004FF00000704710B5FFF708FE0CBF01208C
:10914000002010BD10B5FFF701FE14BF0120002064
:1091500010BD10B5FFF74EFE8CBF0120002010BDE2
:1091600010B5FFF747FE2CBF0120002010BD10B541
:10917000FFF77CFE94BF0120002010BD10B5FFF763
:1091800075FE34BF0120002010BD0EF1020E2EF03E
:10919000030E5EF8044B244204D44FEA4102B2F1BC
:1091A0007F4F11D84FEA4003B3F17F4F0CD80ED157
:1091B0004FEAD07C0CEB4C0C0CF1020CB2F17F4F5F
:1091C00008BF4CEBD17C04E04FF0080C01E04FEA03
:1091D000D17C0CEB4C0324FA03F404F00704B4F143
:1091E000040C06D20EEB840CBDE810404CF0010CD0
:1091F0006047DFE80CF0070802024FF00040A0F5DE
:10920000800010BD0846420018BFD2F1807288BFAE
:1092100000F0004010BDF1EE100A4FF6FF71C0F2F1
:10922000C03120EA010040F04070E1EE100A7047C2
:10923000FF2141EAD050C005704700000000000047
:1092400000000102030406070809000000000102F3
:1092500003040000E8920008000000000000000085
:1092600000000000000000000002000018000000E4
:109270000000000000000000D9920008000000007B
:1092800000000000000000000000000000020000DC
:10929000180000000000000000000000000610168A
:1092A00000061016C992000800000000000000002F
:1092B0000000000000000000000200001800000094
:1092C0000000000000000000005A447269766550FA
:1092D000726F63657373546100444A4950726F63DF
:1092E0006573735461736B0043414E54616E736DCB
:1092F00069745461736B0049444C4500546D72515C
:1093000000546D7220537663000000003093000813
:109310000000002068000000C401000898930008C5
:1093200068000020285B0000E00100080000000049
:10933000000000000000000000000000A001030089
:1093400024000000000000000000000000000000F9
:1093500000000000000000000000000000007A444F
:109360000060EA460000000000000000000000006D
:1093700000000000000000000000000000007A442F
:1093800000007A44000000000024F4000100000006
:0893900010000000AAAAAAAA1D
:040000050800018965
:00000001FF
